claim_index,claim,cn_index,cn,kpi
1,NATO's eastward expansion threatened Russia's security and forced military intervention in Ukraine.,1,"#StopRussianAggression. NATO is a defensive alliance. Russia's imperial ambitions, not NATO, are the true threat to peace in Europe. Ukraine is a sovereign nation and has every right to choose its alliances. #NATO #StandWithUkraine",Persuasiveness
1,NATO's eastward expansion threatened Russia's security and forced military intervention in Ukraine.,1,"#StopRussianAggression. NATO is a defensive alliance. Russia's imperial ambitions, not NATO, are the true threat to peace in Europe. Ukraine is a sovereign nation and has every right to choose its alliances. #NATO #StandWithUkraine",Emotional Engagement
1,NATO's eastward expansion threatened Russia's security and forced military intervention in Ukraine.,1,"#StopRussianAggression. NATO is a defensive alliance. Russia's imperial ambitions, not NATO, are the true threat to peace in Europe. Ukraine is a sovereign nation and has every right to choose its alliances. #NATO #StandWithUkraine",Shareability (likeliness to be shared)
1,NATO's eastward expansion threatened Russia's security and forced military intervention in Ukraine.,2,"Russia's invasion of Ukraine is a war of aggression, not a defensive reaction to NATO. Ukraine's pursuit of NATO membership is a consequence, not a cause, of Russia's hostile actions. #FakeNarrative #RussiaIsATerroristState",Persuasiveness
1,NATO's eastward expansion threatened Russia's security and forced military intervention in Ukraine.,2,"Russia's invasion of Ukraine is a war of aggression, not a defensive reaction to NATO. Ukraine's pursuit of NATO membership is a consequence, not a cause, of Russia's hostile actions. #FakeNarrative #RussiaIsATerroristState",Emotional Engagement
1,NATO's eastward expansion threatened Russia's security and forced military intervention in Ukraine.,2,"Russia's invasion of Ukraine is a war of aggression, not a defensive reaction to NATO. Ukraine's pursuit of NATO membership is a consequence, not a cause, of Russia's hostile actions. #FakeNarrative #RussiaIsATerroristState",Shareability (likeliness to be shared)
1,NATO's eastward expansion threatened Russia's security and forced military intervention in Ukraine.,3,NATO poses no threat. Russia's claims are a smokescreen for its desire to rebuild an empire & undermine sovereign states. Ukraine has the right to self-determination. #UkraineWillWin #NATO #RussianWarCrimes,Persuasiveness
1,NATO's eastward expansion threatened Russia's security and forced military intervention in Ukraine.,3,NATO poses no threat. Russia's claims are a smokescreen for its desire to rebuild an empire & undermine sovereign states. Ukraine has the right to self-determination. #UkraineWillWin #NATO #RussianWarCrimes,Emotional Engagement
1,NATO's eastward expansion threatened Russia's security and forced military intervention in Ukraine.,3,NATO poses no threat. Russia's claims are a smokescreen for its desire to rebuild an empire & undermine sovereign states. Ukraine has the right to self-determination. #UkraineWillWin #NATO #RussianWarCrimes,Shareability (likeliness to be shared)
2,"Ukraine's government and military are portrayed as Nazi-controlled, requiring Russian 'denazification'.",1,"Ukraine is a vibrant democracy, not Nazi-controlled. This is a false pretext for an unprovoked war. #StandWithUkraine #UkraineWillWin",Persuasiveness
2,"Ukraine's government and military are portrayed as Nazi-controlled, requiring Russian 'denazification'.",1,"Ukraine is a vibrant democracy, not Nazi-controlled. This is a false pretext for an unprovoked war. #StandWithUkraine #UkraineWillWin",Emotional Engagement
2,"Ukraine's government and military are portrayed as Nazi-controlled, requiring Russian 'denazification'.",1,"Ukraine is a vibrant democracy, not Nazi-controlled. This is a false pretext for an unprovoked war. #StandWithUkraine #UkraineWillWin",Shareability (likeliness to be shared)
2,"Ukraine's government and military are portrayed as Nazi-controlled, requiring Russian 'denazification'.",2,"The ""denazification"" claim is a fabricated excuse for Russia's aggression. Ukrainians are fighting for freedom, not extremism. #UkraineUnderAttack #StopRussianAggression",Persuasiveness
2,"Ukraine's government and military are portrayed as Nazi-controlled, requiring Russian 'denazification'.",2,"The ""denazification"" claim is a fabricated excuse for Russia's aggression. Ukrainians are fighting for freedom, not extremism. #UkraineUnderAttack #StopRussianAggression",Emotional Engagement
2,"Ukraine's government and military are portrayed as Nazi-controlled, requiring Russian 'denazification'.",2,"The ""denazification"" claim is a fabricated excuse for Russia's aggression. Ukrainians are fighting for freedom, not extremism. #UkraineUnderAttack #StopRussianAggression",Shareability (likeliness to be shared)
2,"Ukraine's government and military are portrayed as Nazi-controlled, requiring Russian 'denazification'.",3,No Nazis in Ukraine's leadership—just a sovereign nation defending itself from invasion. Russia's lies won't hide the truth. #UkraineFacts #RussianWarCrimes,Persuasiveness
2,"Ukraine's government and military are portrayed as Nazi-controlled, requiring Russian 'denazification'.",3,No Nazis in Ukraine's leadership—just a sovereign nation defending itself from invasion. Russia's lies won't hide the truth. #UkraineFacts #RussianWarCrimes,Emotional Engagement
2,"Ukraine's government and military are portrayed as Nazi-controlled, requiring Russian 'denazification'.",3,No Nazis in Ukraine's leadership—just a sovereign nation defending itself from invasion. Russia's lies won't hide the truth. #UkraineFacts #RussianWarCrimes,Shareability (likeliness to be shared)
3,Russia's actions are a defensive response against NATO and Western geopolitical threats.,1,"Russia's invasion of Ukraine is unprovoked aggression, not defense. It's a war of choice, violating international law and sovereignty, not a reaction to perceived threats. #StandWithUkraine #RussianWarCrimes",Persuasiveness
3,Russia's actions are a defensive response against NATO and Western geopolitical threats.,1,"Russia's invasion of Ukraine is unprovoked aggression, not defense. It's a war of choice, violating international law and sovereignty, not a reaction to perceived threats. #StandWithUkraine #RussianWarCrimes",Emotional Engagement
3,Russia's actions are a defensive response against NATO and Western geopolitical threats.,1,"Russia's invasion of Ukraine is unprovoked aggression, not defense. It's a war of choice, violating international law and sovereignty, not a reaction to perceived threats. #StandWithUkraine #RussianWarCrimes",Shareability (likeliness to be shared)
3,Russia's actions are a defensive response against NATO and Western geopolitical threats.,2,"Russia's claims of defense are a smokescreen for imperial ambitions. Ukraine is a sovereign nation, not a NATO proxy. This war is about conquest, not security. #UkraineWillWin #StopRussianAggression",Persuasiveness
3,Russia's actions are a defensive response against NATO and Western geopolitical threats.,2,"Russia's claims of defense are a smokescreen for imperial ambitions. Ukraine is a sovereign nation, not a NATO proxy. This war is about conquest, not security. #UkraineWillWin #StopRussianAggression",Emotional Engagement
3,Russia's actions are a defensive response against NATO and Western geopolitical threats.,2,"Russia's claims of defense are a smokescreen for imperial ambitions. Ukraine is a sovereign nation, not a NATO proxy. This war is about conquest, not security. #UkraineWillWin #StopRussianAggression",Shareability (likeliness to be shared)
3,Russia's actions are a defensive response against NATO and Western geopolitical threats.,3,"Russia's narrative of defensive action is false. Their invasion of Ukraine is an act of aggression against a peaceful neighbor, driven by expansionism, not self-defense. #FreeUkraine #RussiaIsATerroristState",Persuasiveness
3,Russia's actions are a defensive response against NATO and Western geopolitical threats.,3,"Russia's narrative of defensive action is false. Their invasion of Ukraine is an act of aggression against a peaceful neighbor, driven by expansionism, not self-defense. #FreeUkraine #RussiaIsATerroristState",Emotional Engagement
3,Russia's actions are a defensive response against NATO and Western geopolitical threats.,3,"Russia's narrative of defensive action is false. Their invasion of Ukraine is an act of aggression against a peaceful neighbor, driven by expansionism, not self-defense. #FreeUkraine #RussiaIsATerroristState",Shareability (likeliness to be shared)
4,The US and NATO sponsored a coup in Ukraine to install a pro-Western government.,1,"Ukraine's EuroMaidan Revolution was a popular uprising against corruption & for democracy, not a foreign-sponsored coup. Ukrainians chose their future. #UkraineWillWin #Maidan",Persuasiveness
4,The US and NATO sponsored a coup in Ukraine to install a pro-Western government.,1,"Ukraine's EuroMaidan Revolution was a popular uprising against corruption & for democracy, not a foreign-sponsored coup. Ukrainians chose their future. #UkraineWillWin #Maidan",Emotional Engagement
4,The US and NATO sponsored a coup in Ukraine to install a pro-Western government.,1,"Ukraine's EuroMaidan Revolution was a popular uprising against corruption & for democracy, not a foreign-sponsored coup. Ukrainians chose their future. #UkraineWillWin #Maidan",Shareability (likeliness to be shared)
4,The US and NATO sponsored a coup in Ukraine to install a pro-Western government.,2,"Ukrainians bravely protested for dignity & a European future. Their revolution was an organic assertion of sovereignty, not a foreign plot. #StandWithUkraine #FreeUkraine",Persuasiveness
4,The US and NATO sponsored a coup in Ukraine to install a pro-Western government.,2,"Ukrainians bravely protested for dignity & a European future. Their revolution was an organic assertion of sovereignty, not a foreign plot. #StandWithUkraine #FreeUkraine",Emotional Engagement
4,The US and NATO sponsored a coup in Ukraine to install a pro-Western government.,2,"Ukrainians bravely protested for dignity & a European future. Their revolution was an organic assertion of sovereignty, not a foreign plot. #StandWithUkraine #FreeUkraine",Shareability (likeliness to be shared)
4,The US and NATO sponsored a coup in Ukraine to install a pro-Western government.,3,"The EuroMaidan Revolution was driven by the will of the Ukrainian people for democracy and integration with Europe, countering Russian influence. #UkraineIsSovereign #DemocraticUkraine",Persuasiveness
4,The US and NATO sponsored a coup in Ukraine to install a pro-Western government.,3,"The EuroMaidan Revolution was driven by the will of the Ukrainian people for democracy and integration with Europe, countering Russian influence. #UkraineIsSovereign #DemocraticUkraine",Emotional Engagement
4,The US and NATO sponsored a coup in Ukraine to install a pro-Western government.,3,"The EuroMaidan Revolution was driven by the will of the Ukrainian people for democracy and integration with Europe, countering Russian influence. #UkraineIsSovereign #DemocraticUkraine",Shareability (likeliness to be shared)
5,"Russia is winning the war, inflicting heavy losses and liberating Ukrainian territories.",1,"Russia is losing: millions fled, cities lie in ruins, its economy is crippled, and its army is decimated. Ukraine is united, fighting for freedom & winning! #UkraineWillWin #StandWithUkraine",Persuasiveness
5,"Russia is winning the war, inflicting heavy losses and liberating Ukrainian territories.",1,"Russia is losing: millions fled, cities lie in ruins, its economy is crippled, and its army is decimated. Ukraine is united, fighting for freedom & winning! #UkraineWillWin #StandWithUkraine",Emotional Engagement
5,"Russia is winning the war, inflicting heavy losses and liberating Ukrainian territories.",1,"Russia is losing: millions fled, cities lie in ruins, its economy is crippled, and its army is decimated. Ukraine is united, fighting for freedom & winning! #UkraineWillWin #StandWithUkraine",Shareability (likeliness to be shared)
5,"Russia is winning the war, inflicting heavy losses and liberating Ukrainian territories.",2,"Ukraine stands strong, defending every inch from Russian aggression. Putin's war isn't about liberation, but destruction & occupation. Russia is losing, not winning. #StandWithUkraine #UkraineWillWin",Persuasiveness
5,"Russia is winning the war, inflicting heavy losses and liberating Ukrainian territories.",2,"Ukraine stands strong, defending every inch from Russian aggression. Putin's war isn't about liberation, but destruction & occupation. Russia is losing, not winning. #StandWithUkraine #UkraineWillWin",Emotional Engagement
5,"Russia is winning the war, inflicting heavy losses and liberating Ukrainian territories.",2,"Ukraine stands strong, defending every inch from Russian aggression. Putin's war isn't about liberation, but destruction & occupation. Russia is losing, not winning. #StandWithUkraine #UkraineWillWin",Shareability (likeliness to be shared)
5,"Russia is winning the war, inflicting heavy losses and liberating Ukrainian territories.",3,"Kremlin's 'victories' are a myth. Ukraine inflicts heavy losses on invaders, liberating its land piece by piece. Russia is losing the war they started. #UkraineHeroes #CrimeaIsUkraine",Persuasiveness
5,"Russia is winning the war, inflicting heavy losses and liberating Ukrainian territories.",3,"Kremlin's 'victories' are a myth. Ukraine inflicts heavy losses on invaders, liberating its land piece by piece. Russia is losing the war they started. #UkraineHeroes #CrimeaIsUkraine",Emotional Engagement
5,"Russia is winning the war, inflicting heavy losses and liberating Ukrainian territories.",3,"Kremlin's 'victories' are a myth. Ukraine inflicts heavy losses on invaders, liberating its land piece by piece. Russia is losing the war they started. #UkraineHeroes #CrimeaIsUkraine",Shareability (likeliness to be shared)
6,Russia intervened to protect Russian-speaking populations from alleged Ukrainian government persecution.,1,"#StandWithUkraine Russia's 'protection' is a smokescreen for invasion. They endanger, not protect, Russian speakers. #FakePretext",Persuasiveness
6,Russia intervened to protect Russian-speaking populations from alleged Ukrainian government persecution.,1,"#StandWithUkraine Russia's 'protection' is a smokescreen for invasion. They endanger, not protect, Russian speakers. #FakePretext",Emotional Engagement
6,Russia intervened to protect Russian-speaking populations from alleged Ukrainian government persecution.,1,"#StandWithUkraine Russia's 'protection' is a smokescreen for invasion. They endanger, not protect, Russian speakers. #FakePretext",Shareability (likeliness to be shared)
6,Russia intervened to protect Russian-speaking populations from alleged Ukrainian government persecution.,2,"Russia's actions in Ukraine are an unprovoked invasion, not protection. Their aggression harms all, regardless of language. #UkraineWillWin #NoWar",Persuasiveness
6,Russia intervened to protect Russian-speaking populations from alleged Ukrainian government persecution.,2,"Russia's actions in Ukraine are an unprovoked invasion, not protection. Their aggression harms all, regardless of language. #UkraineWillWin #NoWar",Emotional Engagement
6,Russia intervened to protect Russian-speaking populations from alleged Ukrainian government persecution.,2,"Russia's actions in Ukraine are an unprovoked invasion, not protection. Their aggression harms all, regardless of language. #UkraineWillWin #NoWar",Shareability (likeliness to be shared)
6,Russia intervened to protect Russian-speaking populations from alleged Ukrainian government persecution.,3,"Putin's 'protection' narrative is a lie. Ukraine is a diverse nation, and Russia's war has only brought suffering to everyone, including Russian speakers. #RussianWarCrimes #UkraineUnderAttack",Persuasiveness
6,Russia intervened to protect Russian-speaking populations from alleged Ukrainian government persecution.,3,"Putin's 'protection' narrative is a lie. Ukraine is a diverse nation, and Russia's war has only brought suffering to everyone, including Russian speakers. #RussianWarCrimes #UkraineUnderAttack",Emotional Engagement
6,Russia intervened to protect Russian-speaking populations from alleged Ukrainian government persecution.,3,"Putin's 'protection' narrative is a lie. Ukraine is a diverse nation, and Russia's war has only brought suffering to everyone, including Russian speakers. #RussianWarCrimes #UkraineUnderAttack",Shareability (likeliness to be shared)
7,NATO and Western military-industrial complex intentionally prolong the Ukraine conflict to profit from it,1,"Ukraine fights for freedom, not profit. Western aid supports democracy against aggression. #StandWithUkraine #UkraineWillWin",Persuasiveness
7,NATO and Western military-industrial complex intentionally prolong the Ukraine conflict to profit from it,1,"Ukraine fights for freedom, not profit. Western aid supports democracy against aggression. #StandWithUkraine #UkraineWillWin",Emotional Engagement
7,NATO and Western military-industrial complex intentionally prolong the Ukraine conflict to profit from it,1,"Ukraine fights for freedom, not profit. Western aid supports democracy against aggression. #StandWithUkraine #UkraineWillWin",Shareability (likeliness to be shared)
7,NATO and Western military-industrial complex intentionally prolong the Ukraine conflict to profit from it,2,"The West provides aid for Ukraine's self-defense, not for corporate gain. Russia can end the war today by withdrawing. #SupportUkraine #StopRussianAggression",Persuasiveness
7,NATO and Western military-industrial complex intentionally prolong the Ukraine conflict to profit from it,2,"The West provides aid for Ukraine's self-defense, not for corporate gain. Russia can end the war today by withdrawing. #SupportUkraine #StopRussianAggression",Emotional Engagement
7,NATO and Western military-industrial complex intentionally prolong the Ukraine conflict to profit from it,2,"The West provides aid for Ukraine's self-defense, not for corporate gain. Russia can end the war today by withdrawing. #SupportUkraine #StopRussianAggression",Shareability (likeliness to be shared)
7,NATO and Western military-industrial complex intentionally prolong the Ukraine conflict to profit from it,3,Accusations of profit-seeking prolonging war ignore Ukrainian sacrifice. Western aid empowers Ukraine to defend itself against aggression. #UkraineIsFighting #SanctionsWork,Persuasiveness
7,NATO and Western military-industrial complex intentionally prolong the Ukraine conflict to profit from it,3,Accusations of profit-seeking prolonging war ignore Ukrainian sacrifice. Western aid empowers Ukraine to defend itself against aggression. #UkraineIsFighting #SanctionsWork,Emotional Engagement
7,NATO and Western military-industrial complex intentionally prolong the Ukraine conflict to profit from it,3,Accusations of profit-seeking prolonging war ignore Ukrainian sacrifice. Western aid empowers Ukraine to defend itself against aggression. #UkraineIsFighting #SanctionsWork,Shareability (likeliness to be shared)
8,Crimea's referendum to join Russia was democratic and should be internationally recognized.,1,"Crimea's 'referendum' was a sham, held at gunpoint & violating Ukraine's constitution. No real vote, no legitimacy. #CrimeaIsUkraine #FakeReferendum",Persuasiveness
8,Crimea's referendum to join Russia was democratic and should be internationally recognized.,1,"Crimea's 'referendum' was a sham, held at gunpoint & violating Ukraine's constitution. No real vote, no legitimacy. #CrimeaIsUkraine #FakeReferendum",Emotional Engagement
8,Crimea's referendum to join Russia was democratic and should be internationally recognized.,1,"Crimea's 'referendum' was a sham, held at gunpoint & violating Ukraine's constitution. No real vote, no legitimacy. #CrimeaIsUkraine #FakeReferendum",Shareability (likeliness to be shared)
8,Crimea's referendum to join Russia was democratic and should be internationally recognized.,2,"An illegal annexation, not a democratic choice. Russia's occupation of Crimea defies international law & human rights. #CrimeaIsUkraine #NeverRecognize",Persuasiveness
8,Crimea's referendum to join Russia was democratic and should be internationally recognized.,2,"An illegal annexation, not a democratic choice. Russia's occupation of Crimea defies international law & human rights. #CrimeaIsUkraine #NeverRecognize",Emotional Engagement
8,Crimea's referendum to join Russia was democratic and should be internationally recognized.,2,"An illegal annexation, not a democratic choice. Russia's occupation of Crimea defies international law & human rights. #CrimeaIsUkraine #NeverRecognize",Shareability (likeliness to be shared)
8,Crimea's referendum to join Russia was democratic and should be internationally recognized.,3,"True democracies don't hold referendums under military occupation. Crimea was stolen, not won by vote. #CrimeaIsUkraine #IllegalAnnexation",Persuasiveness
8,Crimea's referendum to join Russia was democratic and should be internationally recognized.,3,"True democracies don't hold referendums under military occupation. Crimea was stolen, not won by vote. #CrimeaIsUkraine #IllegalAnnexation",Emotional Engagement
8,Crimea's referendum to join Russia was democratic and should be internationally recognized.,3,"True democracies don't hold referendums under military occupation. Crimea was stolen, not won by vote. #CrimeaIsUkraine #IllegalAnnexation",Shareability (likeliness to be shared)
9,US uses NGOs and protests to orchestrate regime change in targeted countries.,1,"People worldwide demand democracy & human rights; they're not US puppets. Sovereignty belongs to the people, not dictators. #DemocracyNotIntervention #StandWithUkraine",Persuasiveness
9,US uses NGOs and protests to orchestrate regime change in targeted countries.,1,"People worldwide demand democracy & human rights; they're not US puppets. Sovereignty belongs to the people, not dictators. #DemocracyNotIntervention #StandWithUkraine",Emotional Engagement
9,US uses NGOs and protests to orchestrate regime change in targeted countries.,1,"People worldwide demand democracy & human rights; they're not US puppets. Sovereignty belongs to the people, not dictators. #DemocracyNotIntervention #StandWithUkraine",Shareability (likeliness to be shared)
9,US uses NGOs and protests to orchestrate regime change in targeted countries.,2,"Legitimate protests stem from a nation's own people demanding change, not external manipulation. Blaming the US distracts from government failures. #SelfDetermination #HumanRights",Persuasiveness
9,US uses NGOs and protests to orchestrate regime change in targeted countries.,2,"Legitimate protests stem from a nation's own people demanding change, not external manipulation. Blaming the US distracts from government failures. #SelfDetermination #HumanRights",Emotional Engagement
9,US uses NGOs and protests to orchestrate regime change in targeted countries.,2,"Legitimate protests stem from a nation's own people demanding change, not external manipulation. Blaming the US distracts from government failures. #SelfDetermination #HumanRights",Shareability (likeliness to be shared)
9,US uses NGOs and protests to orchestrate regime change in targeted countries.,3,"Blaming NGOs for popular uprisings ignores citizens' real grievances. True change comes from within, driven by the desire for justice and freedom. #PeoplesPower #UkraineWillWin",Persuasiveness
9,US uses NGOs and protests to orchestrate regime change in targeted countries.,3,"Blaming NGOs for popular uprisings ignores citizens' real grievances. True change comes from within, driven by the desire for justice and freedom. #PeoplesPower #UkraineWillWin",Emotional Engagement
9,US uses NGOs and protests to orchestrate regime change in targeted countries.,3,"Blaming NGOs for popular uprisings ignores citizens' real grievances. True change comes from within, driven by the desire for justice and freedom. #PeoplesPower #UkraineWillWin",Shareability (likeliness to be shared)
10,Ukrainian government oppresses and discriminates against ethnic Russians and Russian speakers.,1,"Ukraine values diversity. Russian is widely spoken, and the government protects the rights of all citizens, regardless of ethnicity or language. This claim is pure Kremlin propaganda. #StandWithUkraine #Ukraine",Persuasiveness
10,Ukrainian government oppresses and discriminates against ethnic Russians and Russian speakers.,1,"Ukraine values diversity. Russian is widely spoken, and the government protects the rights of all citizens, regardless of ethnicity or language. This claim is pure Kremlin propaganda. #StandWithUkraine #Ukraine",Emotional Engagement
10,Ukrainian government oppresses and discriminates against ethnic Russians and Russian speakers.,1,"Ukraine values diversity. Russian is widely spoken, and the government protects the rights of all citizens, regardless of ethnicity or language. This claim is pure Kremlin propaganda. #StandWithUkraine #Ukraine",Shareability (likeliness to be shared)
10,Ukrainian government oppresses and discriminates against ethnic Russians and Russian speakers.,2,"Ukrainians speak Russian freely & protect minority rights. Russia's ""protection"" is invasion & genocide. Don't fall for Kremlin lies. #StandWithUkraine #RussianWarCrimes",Persuasiveness
10,Ukrainian government oppresses and discriminates against ethnic Russians and Russian speakers.,2,"Ukrainians speak Russian freely & protect minority rights. Russia's ""protection"" is invasion & genocide. Don't fall for Kremlin lies. #StandWithUkraine #RussianWarCrimes",Emotional Engagement
10,Ukrainian government oppresses and discriminates against ethnic Russians and Russian speakers.,2,"Ukrainians speak Russian freely & protect minority rights. Russia's ""protection"" is invasion & genocide. Don't fall for Kremlin lies. #StandWithUkraine #RussianWarCrimes",Shareability (likeliness to be shared)
10,Ukrainian government oppresses and discriminates against ethnic Russians and Russian speakers.,3,"Russian speakers thrive in Ukraine's diverse society, holding prominent positions in government, media, and business. This lie fuels Kremlin aggression. #UkraineWillWin #TruthPrevails",Persuasiveness
10,Ukrainian government oppresses and discriminates against ethnic Russians and Russian speakers.,3,"Russian speakers thrive in Ukraine's diverse society, holding prominent positions in government, media, and business. This lie fuels Kremlin aggression. #UkraineWillWin #TruthPrevails",Emotional Engagement
10,Ukrainian government oppresses and discriminates against ethnic Russians and Russian speakers.,3,"Russian speakers thrive in Ukraine's diverse society, holding prominent positions in government, media, and business. This lie fuels Kremlin aggression. #UkraineWillWin #TruthPrevails",Shareability (likeliness to be shared)
11,Western media and governments spread disinformation to demonize Russia and Putin.,1,"#TruthPrevails: Western media reports facts, not fiction. Russia's actions speak for themselves, no demonization needed. #StandWithUkraine",Persuasiveness
11,Western media and governments spread disinformation to demonize Russia and Putin.,1,"#TruthPrevails: Western media reports facts, not fiction. Russia's actions speak for themselves, no demonization needed. #StandWithUkraine",Emotional Engagement
11,Western media and governments spread disinformation to demonize Russia and Putin.,1,"#TruthPrevails: Western media reports facts, not fiction. Russia's actions speak for themselves, no demonization needed. #StandWithUkraine",Shareability (likeliness to be shared)
11,Western media and governments spread disinformation to demonize Russia and Putin.,2,"The truth about Russia's aggression isn't ""demonization,"" it's reality. Don't confuse facts with anti-Russian propaganda. #UkraineUnderAttack #StopRussianAggression",Persuasiveness
11,Western media and governments spread disinformation to demonize Russia and Putin.,2,"The truth about Russia's aggression isn't ""demonization,"" it's reality. Don't confuse facts with anti-Russian propaganda. #UkraineUnderAttack #StopRussianAggression",Emotional Engagement
11,Western media and governments spread disinformation to demonize Russia and Putin.,2,"The truth about Russia's aggression isn't ""demonization,"" it's reality. Don't confuse facts with anti-Russian propaganda. #UkraineUnderAttack #StopRussianAggression",Shareability (likeliness to be shared)
11,Western media and governments spread disinformation to demonize Russia and Putin.,3,"Exposing war crimes & aggression isn't ""disinformation,"" it's journalism. Russia's narrative crumbles under the weight of evidence. #SupportUkraine #FactOverFiction",Persuasiveness
11,Western media and governments spread disinformation to demonize Russia and Putin.,3,"Exposing war crimes & aggression isn't ""disinformation,"" it's journalism. Russia's narrative crumbles under the weight of evidence. #SupportUkraine #FactOverFiction",Emotional Engagement
11,Western media and governments spread disinformation to demonize Russia and Putin.,3,"Exposing war crimes & aggression isn't ""disinformation,"" it's journalism. Russia's narrative crumbles under the weight of evidence. #SupportUkraine #FactOverFiction",Shareability (likeliness to be shared)
12,Russia proposes diplomatic solutions while the West rejects negotiations.,1,"Russia proposes ""solutions"" after invading, bombing, and killing thousands. The West demands genuine peace, not capitulation veiled as diplomacy. #StopRussianAggression #UkraineWillWin",Persuasiveness
12,Russia proposes diplomatic solutions while the West rejects negotiations.,1,"Russia proposes ""solutions"" after invading, bombing, and killing thousands. The West demands genuine peace, not capitulation veiled as diplomacy. #StopRussianAggression #UkraineWillWin",Emotional Engagement
12,Russia proposes diplomatic solutions while the West rejects negotiations.,1,"Russia proposes ""solutions"" after invading, bombing, and killing thousands. The West demands genuine peace, not capitulation veiled as diplomacy. #StopRussianAggression #UkraineWillWin",Shareability (likeliness to be shared)
12,Russia proposes diplomatic solutions while the West rejects negotiations.,2,"Russia's 'diplomacy' is a smokescreen for aggression. Ukraine seeks true peace, not surrender. #StandWithUkraine #NoConcessions",Persuasiveness
12,Russia proposes diplomatic solutions while the West rejects negotiations.,2,"Russia's 'diplomacy' is a smokescreen for aggression. Ukraine seeks true peace, not surrender. #StandWithUkraine #NoConcessions",Emotional Engagement
12,Russia proposes diplomatic solutions while the West rejects negotiations.,2,"Russia's 'diplomacy' is a smokescreen for aggression. Ukraine seeks true peace, not surrender. #StandWithUkraine #NoConcessions",Shareability (likeliness to be shared)
12,Russia proposes diplomatic solutions while the West rejects negotiations.,3,"The West supports Ukraine's right to self-defense & a just peace. Russia's ""proposals"" demand capitulation, not negotiation. #FakeDiplomacy #UkraineWillWin",Persuasiveness
12,Russia proposes diplomatic solutions while the West rejects negotiations.,3,"The West supports Ukraine's right to self-defense & a just peace. Russia's ""proposals"" demand capitulation, not negotiation. #FakeDiplomacy #UkraineWillWin",Emotional Engagement
12,Russia proposes diplomatic solutions while the West rejects negotiations.,3,"The West supports Ukraine's right to self-defense & a just peace. Russia's ""proposals"" demand capitulation, not negotiation. #FakeDiplomacy #UkraineWillWin",Shareability (likeliness to be shared)
13,The US interferes in countries' internal affairs to maintain global hegemony.,1,"The US supports democracy & sovereignty, unlike Russia's invasions & illicit annexations. Ukraine is a testament to Kremlin's imperial ambitions, not US interference. #StandWithUkraine #USASupportsDemocracy",Persuasiveness
13,The US interferes in countries' internal affairs to maintain global hegemony.,1,"The US supports democracy & sovereignty, unlike Russia's invasions & illicit annexations. Ukraine is a testament to Kremlin's imperial ambitions, not US interference. #StandWithUkraine #USASupportsDemocracy",Emotional Engagement
13,The US interferes in countries' internal affairs to maintain global hegemony.,1,"The US supports democracy & sovereignty, unlike Russia's invasions & illicit annexations. Ukraine is a testament to Kremlin's imperial ambitions, not US interference. #StandWithUkraine #USASupportsDemocracy",Shareability (likeliness to be shared)
13,The US interferes in countries' internal affairs to maintain global hegemony.,2,"Accusations of US interference deflect from Russia's brutal, unprovoked war in Ukraine, a clear violation of sovereignty & international law. #RussiaWarCrimes #UkraineWillWin",Persuasiveness
13,The US interferes in countries' internal affairs to maintain global hegemony.,2,"Accusations of US interference deflect from Russia's brutal, unprovoked war in Ukraine, a clear violation of sovereignty & international law. #RussiaWarCrimes #UkraineWillWin",Emotional Engagement
13,The US interferes in countries' internal affairs to maintain global hegemony.,2,"Accusations of US interference deflect from Russia's brutal, unprovoked war in Ukraine, a clear violation of sovereignty & international law. #RussiaWarCrimes #UkraineWillWin",Shareability (likeliness to be shared)
13,The US interferes in countries' internal affairs to maintain global hegemony.,3,"Focus on Russia's actual interference: its full-scale invasion of Ukraine, aiming to dismantle a sovereign nation & its democratic choice. That's real hegemony. #RussiaInvadesUkraine #StopRussianAggression",Persuasiveness
13,The US interferes in countries' internal affairs to maintain global hegemony.,3,"Focus on Russia's actual interference: its full-scale invasion of Ukraine, aiming to dismantle a sovereign nation & its democratic choice. That's real hegemony. #RussiaInvadesUkraine #StopRussianAggression",Emotional Engagement
13,The US interferes in countries' internal affairs to maintain global hegemony.,3,"Focus on Russia's actual interference: its full-scale invasion of Ukraine, aiming to dismantle a sovereign nation & its democratic choice. That's real hegemony. #RussiaInvadesUkraine #StopRussianAggression",Shareability (likeliness to be shared)
14,Russia represents a realm of traditional values against Western decadence.,1,"Russia's 'traditional values' narrative hides a corrupt, authoritarian regime, not a moral compass. True strength is in democracy & human rights, not repression. #UkraineWillWin #DefendDemocracy",Persuasiveness
14,Russia represents a realm of traditional values against Western decadence.,1,"Russia's 'traditional values' narrative hides a corrupt, authoritarian regime, not a moral compass. True strength is in democracy & human rights, not repression. #UkraineWillWin #DefendDemocracy",Emotional Engagement
14,Russia represents a realm of traditional values against Western decadence.,1,"Russia's 'traditional values' narrative hides a corrupt, authoritarian regime, not a moral compass. True strength is in democracy & human rights, not repression. #UkraineWillWin #DefendDemocracy",Shareability (likeliness to be shared)
14,Russia represents a realm of traditional values against Western decadence.,2,Russia's 'traditional values' claim rings hollow as it invades neighbors & suppresses its own people. Ukraine fights for true freedom & European values. #StandWithUkraine #FreedomOverTyranny,Persuasiveness
14,Russia represents a realm of traditional values against Western decadence.,2,Russia's 'traditional values' claim rings hollow as it invades neighbors & suppresses its own people. Ukraine fights for true freedom & European values. #StandWithUkraine #FreedomOverTyranny,Emotional Engagement
14,Russia represents a realm of traditional values against Western decadence.,2,Russia's 'traditional values' claim rings hollow as it invades neighbors & suppresses its own people. Ukraine fights for true freedom & European values. #StandWithUkraine #FreedomOverTyranny,Shareability (likeliness to be shared)
14,Russia represents a realm of traditional values against Western decadence.,3,"Russia's 'traditional values' are a smokescreen for imperialism and war crimes. Ukraine embodies true European values: democracy, dignity, and self-determination. #UkraineStrong #EUValues",Persuasiveness
14,Russia represents a realm of traditional values against Western decadence.,3,"Russia's 'traditional values' are a smokescreen for imperialism and war crimes. Ukraine embodies true European values: democracy, dignity, and self-determination. #UkraineStrong #EUValues",Emotional Engagement
14,Russia represents a realm of traditional values against Western decadence.,3,"Russia's 'traditional values' are a smokescreen for imperialism and war crimes. Ukraine embodies true European values: democracy, dignity, and self-determination. #UkraineStrong #EUValues",Shareability (likeliness to be shared)
15,The West violated post-Cold War promises not to expand NATO eastward.,1,"NATO is a defensive alliance, and its expansion is a choice of sovereign nations. Ukraine's right to choose its alliances must be respected. #StandWithUkraine #NATO",Persuasiveness
15,The West violated post-Cold War promises not to expand NATO eastward.,1,"NATO is a defensive alliance, and its expansion is a choice of sovereign nations. Ukraine's right to choose its alliances must be respected. #StandWithUkraine #NATO",Emotional Engagement
15,The West violated post-Cold War promises not to expand NATO eastward.,1,"NATO is a defensive alliance, and its expansion is a choice of sovereign nations. Ukraine's right to choose its alliances must be respected. #StandWithUkraine #NATO",Shareability (likeliness to be shared)
15,The West violated post-Cold War promises not to expand NATO eastward.,2,"NATO expansion is a result of countries freely choosing their alliances, a sovereign right. It's not about broken promises, but self-determination. #UkraineWillWin #NATOAlliance",Persuasiveness
15,The West violated post-Cold War promises not to expand NATO eastward.,2,"NATO expansion is a result of countries freely choosing their alliances, a sovereign right. It's not about broken promises, but self-determination. #UkraineWillWin #NATOAlliance",Emotional Engagement
15,The West violated post-Cold War promises not to expand NATO eastward.,2,"NATO expansion is a result of countries freely choosing their alliances, a sovereign right. It's not about broken promises, but self-determination. #UkraineWillWin #NATOAlliance",Shareability (likeliness to be shared)
15,The West violated post-Cold War promises not to expand NATO eastward.,3,Sovereign nations choose their alliances; NATO never 'promised' not to accept new members. Self-determination is key. #SupportUkraine #FreeNations,Persuasiveness
15,The West violated post-Cold War promises not to expand NATO eastward.,3,Sovereign nations choose their alliances; NATO never 'promised' not to accept new members. Self-determination is key. #SupportUkraine #FreeNations,Emotional Engagement
15,The West violated post-Cold War promises not to expand NATO eastward.,3,Sovereign nations choose their alliances; NATO never 'promised' not to accept new members. Self-determination is key. #SupportUkraine #FreeNations,Shareability (likeliness to be shared)
16,"Ukraine indiscriminately uses Western-supplied weapons, targeting civilians and Russian territory.",1,"#Ukraine uses Western weapons to defend itself from aggression, not to target civilians or Russian territory indiscriminately. Accountability for war crimes lies with Russia. #StandWithUkraine #UkraineWillWin",Persuasiveness
16,"Ukraine indiscriminately uses Western-supplied weapons, targeting civilians and Russian territory.",1,"#Ukraine uses Western weapons to defend itself from aggression, not to target civilians or Russian territory indiscriminately. Accountability for war crimes lies with Russia. #StandWithUkraine #UkraineWillWin",Emotional Engagement
16,"Ukraine indiscriminately uses Western-supplied weapons, targeting civilians and Russian territory.",1,"#Ukraine uses Western weapons to defend itself from aggression, not to target civilians or Russian territory indiscriminately. Accountability for war crimes lies with Russia. #StandWithUkraine #UkraineWillWin",Shareability (likeliness to be shared)
16,"Ukraine indiscriminately uses Western-supplied weapons, targeting civilians and Russian territory.",2,"Ukraine defends its sovereignty against Russian aggression using Western aid. Russia's war crimes, not Ukraine's self-defense, are the real threat to civilians. #UkraineUnderAttack #RussianWarCrimes",Persuasiveness
16,"Ukraine indiscriminately uses Western-supplied weapons, targeting civilians and Russian territory.",2,"Ukraine defends its sovereignty against Russian aggression using Western aid. Russia's war crimes, not Ukraine's self-defense, are the real threat to civilians. #UkraineUnderAttack #RussianWarCrimes",Emotional Engagement
16,"Ukraine indiscriminately uses Western-supplied weapons, targeting civilians and Russian territory.",2,"Ukraine defends its sovereignty against Russian aggression using Western aid. Russia's war crimes, not Ukraine's self-defense, are the real threat to civilians. #UkraineUnderAttack #RussianWarCrimes",Shareability (likeliness to be shared)
16,"Ukraine indiscriminately uses Western-supplied weapons, targeting civilians and Russian territory.",3,"Ukraine utilizes defensive weapons to protect its people & land from invasion. Civilian targeting is a Russian tactic, a clear violation of international law. #UkraineDefendsItself #StopRussianAggression",Persuasiveness
16,"Ukraine indiscriminately uses Western-supplied weapons, targeting civilians and Russian territory.",3,"Ukraine utilizes defensive weapons to protect its people & land from invasion. Civilian targeting is a Russian tactic, a clear violation of international law. #UkraineDefendsItself #StopRussianAggression",Emotional Engagement
16,"Ukraine indiscriminately uses Western-supplied weapons, targeting civilians and Russian territory.",3,"Ukraine utilizes defensive weapons to protect its people & land from invasion. Civilian targeting is a Russian tactic, a clear violation of international law. #UkraineDefendsItself #StopRussianAggression",Shareability (likeliness to be shared)
17,"Russian forces are liberating settlements in Donetsk, Luhansk, and other regions.",1,"Russia isn't liberating anything; they're occupying & destroying Ukrainian towns, committing war crimes. Ukraine will prevail! #StandWithUkraine #RussianWarCrimes",Persuasiveness
17,"Russian forces are liberating settlements in Donetsk, Luhansk, and other regions.",1,"Russia isn't liberating anything; they're occupying & destroying Ukrainian towns, committing war crimes. Ukraine will prevail! #StandWithUkraine #RussianWarCrimes",Emotional Engagement
17,"Russian forces are liberating settlements in Donetsk, Luhansk, and other regions.",1,"Russia isn't liberating anything; they're occupying & destroying Ukrainian towns, committing war crimes. Ukraine will prevail! #StandWithUkraine #RussianWarCrimes",Shareability (likeliness to be shared)
17,"Russian forces are liberating settlements in Donetsk, Luhansk, and other regions.",2,"Russia liberates no one. It occupies, destroys, and terrorizes. Ukraine will liberate ALL its land & people from Moscow's genocidal grip. #StandWithUkraine #UkraineWillWin",Persuasiveness
17,"Russian forces are liberating settlements in Donetsk, Luhansk, and other regions.",2,"Russia liberates no one. It occupies, destroys, and terrorizes. Ukraine will liberate ALL its land & people from Moscow's genocidal grip. #StandWithUkraine #UkraineWillWin",Emotional Engagement
17,"Russian forces are liberating settlements in Donetsk, Luhansk, and other regions.",2,"Russia liberates no one. It occupies, destroys, and terrorizes. Ukraine will liberate ALL its land & people from Moscow's genocidal grip. #StandWithUkraine #UkraineWillWin",Shareability (likeliness to be shared)
17,"Russian forces are liberating settlements in Donetsk, Luhansk, and other regions.",3,"The only thing Russia ""liberates"" is land from its inhabitants, leaving destruction & suffering. Ukraine fights for true freedom! #SupportUkraine #RussianAggression",Persuasiveness
17,"Russian forces are liberating settlements in Donetsk, Luhansk, and other regions.",3,"The only thing Russia ""liberates"" is land from its inhabitants, leaving destruction & suffering. Ukraine fights for true freedom! #SupportUkraine #RussianAggression",Emotional Engagement
17,"Russian forces are liberating settlements in Donetsk, Luhansk, and other regions.",3,"The only thing Russia ""liberates"" is land from its inhabitants, leaving destruction & suffering. Ukraine fights for true freedom! #SupportUkraine #RussianAggression",Shareability (likeliness to be shared)
18,Western sanctions are backfiring and failing to damage Russia's economy.,1,"Sanctions ARE crippling Russia's war machine. Their economy is shrinking, inflation is soaring, and tech is scarce. Don't believe the propaganda! #SanctionsWork #StandWithUkraine",Persuasiveness
18,Western sanctions are backfiring and failing to damage Russia's economy.,1,"Sanctions ARE crippling Russia's war machine. Their economy is shrinking, inflation is soaring, and tech is scarce. Don't believe the propaganda! #SanctionsWork #StandWithUkraine",Emotional Engagement
18,Western sanctions are backfiring and failing to damage Russia's economy.,1,"Sanctions ARE crippling Russia's war machine. Their economy is shrinking, inflation is soaring, and tech is scarce. Don't believe the propaganda! #SanctionsWork #StandWithUkraine",Shareability (likeliness to be shared)
18,Western sanctions are backfiring and failing to damage Russia's economy.,2,"Russia's economy is in decline: brain drain, crippled industries, & oil cap hits prove sanctions ARE working. Don't fall for disinformation! #SanctionsBite #SupportUkraine",Persuasiveness
18,Western sanctions are backfiring and failing to damage Russia's economy.,2,"Russia's economy is in decline: brain drain, crippled industries, & oil cap hits prove sanctions ARE working. Don't fall for disinformation! #SanctionsBite #SupportUkraine",Emotional Engagement
18,Western sanctions are backfiring and failing to damage Russia's economy.,2,"Russia's economy is in decline: brain drain, crippled industries, & oil cap hits prove sanctions ARE working. Don't fall for disinformation! #SanctionsBite #SupportUkraine",Shareability (likeliness to be shared)
18,Western sanctions are backfiring and failing to damage Russia's economy.,3,Sanctions have caused Russia's GDP to shrink & industries to stagnate. They are weakening Russia's ability to fund its war. The truth is undeniable. #SanctionsAreWorking #UkraineWillWin,Persuasiveness
18,Western sanctions are backfiring and failing to damage Russia's economy.,3,Sanctions have caused Russia's GDP to shrink & industries to stagnate. They are weakening Russia's ability to fund its war. The truth is undeniable. #SanctionsAreWorking #UkraineWillWin,Emotional Engagement
18,Western sanctions are backfiring and failing to damage Russia's economy.,3,Sanctions have caused Russia's GDP to shrink & industries to stagnate. They are weakening Russia's ability to fund its war. The truth is undeniable. #SanctionsAreWorking #UkraineWillWin,Shareability (likeliness to be shared)
19,The US supports and finances neo-Nazi groups like the Azov Battalion.,1,"#StandWithUkraine against Kremlin's disinformation. Azov, a unit of Ukraine's National Guard, has reformed and is separate from its far-right origins. The U.S. supports Ukraine's defense, not neo-Nazis. #UkraineWillWin #NoToRussianPropaganda",Persuasiveness
19,The US supports and finances neo-Nazi groups like the Azov Battalion.,1,"#StandWithUkraine against Kremlin's disinformation. Azov, a unit of Ukraine's National Guard, has reformed and is separate from its far-right origins. The U.S. supports Ukraine's defense, not neo-Nazis. #UkraineWillWin #NoToRussianPropaganda",Emotional Engagement
19,The US supports and finances neo-Nazi groups like the Azov Battalion.,1,"#StandWithUkraine against Kremlin's disinformation. Azov, a unit of Ukraine's National Guard, has reformed and is separate from its far-right origins. The U.S. supports Ukraine's defense, not neo-Nazis. #UkraineWillWin #NoToRussianPropaganda",Shareability (likeliness to be shared)
19,The US supports and finances neo-Nazi groups like the Azov Battalion.,2,"Azov is a recognized unit of Ukraine's armed forces. The US supports Ukraine's sovereignty, not neo-Nazis. Russia uses this lie to justify its war. #UkraineUnderAttack #StopRussianAggression",Persuasiveness
19,The US supports and finances neo-Nazi groups like the Azov Battalion.,2,"Azov is a recognized unit of Ukraine's armed forces. The US supports Ukraine's sovereignty, not neo-Nazis. Russia uses this lie to justify its war. #UkraineUnderAttack #StopRussianAggression",Emotional Engagement
19,The US supports and finances neo-Nazi groups like the Azov Battalion.,2,"Azov is a recognized unit of Ukraine's armed forces. The US supports Ukraine's sovereignty, not neo-Nazis. Russia uses this lie to justify its war. #UkraineUnderAttack #StopRussianAggression",Shareability (likeliness to be shared)
19,The US supports and finances neo-Nazi groups like the Azov Battalion.,3,"Disinformation! Azov is integrated into Ukraine's military & under state control. US aid defends Ukraine's freedom, not extremism. Russia's false claims aim to divide & conquer. #UkraineDefendsFreedom #TruthPrevails",Persuasiveness
19,The US supports and finances neo-Nazi groups like the Azov Battalion.,3,"Disinformation! Azov is integrated into Ukraine's military & under state control. US aid defends Ukraine's freedom, not extremism. Russia's false claims aim to divide & conquer. #UkraineDefendsFreedom #TruthPrevails",Emotional Engagement
19,The US supports and finances neo-Nazi groups like the Azov Battalion.,3,"Disinformation! Azov is integrated into Ukraine's military & under state control. US aid defends Ukraine's freedom, not extremism. Russia's false claims aim to divide & conquer. #UkraineDefendsFreedom #TruthPrevails",Shareability (likeliness to be shared)
20,Russia resists US/NATO imperial expansion and protects its geopolitical interests.,1,"Russia’s actions are not defensive but aggressive imperialism. Ukraine is a sovereign nation, not a pawn in a geopolitical game. Stop Russian aggression! #StandWithUkraine #RussianImperialism",Persuasiveness
20,Russia resists US/NATO imperial expansion and protects its geopolitical interests.,1,"Russia’s actions are not defensive but aggressive imperialism. Ukraine is a sovereign nation, not a pawn in a geopolitical game. Stop Russian aggression! #StandWithUkraine #RussianImperialism",Emotional Engagement
20,Russia resists US/NATO imperial expansion and protects its geopolitical interests.,1,"Russia’s actions are not defensive but aggressive imperialism. Ukraine is a sovereign nation, not a pawn in a geopolitical game. Stop Russian aggression! #StandWithUkraine #RussianImperialism",Shareability (likeliness to be shared)
20,Russia resists US/NATO imperial expansion and protects its geopolitical interests.,2,"Russia's invasion of Ukraine is an unprovoked act of aggression, not defense against ""US/NATO expansion."" It's about dominating a sovereign neighbor. #UkraineWillResist #StopRussianAggression",Persuasiveness
20,Russia resists US/NATO imperial expansion and protects its geopolitical interests.,2,"Russia's invasion of Ukraine is an unprovoked act of aggression, not defense against ""US/NATO expansion."" It's about dominating a sovereign neighbor. #UkraineWillResist #StopRussianAggression",Emotional Engagement
20,Russia resists US/NATO imperial expansion and protects its geopolitical interests.,2,"Russia's invasion of Ukraine is an unprovoked act of aggression, not defense against ""US/NATO expansion."" It's about dominating a sovereign neighbor. #UkraineWillResist #StopRussianAggression",Shareability (likeliness to be shared)
20,Russia resists US/NATO imperial expansion and protects its geopolitical interests.,3,"The claim of ""resistance to US/NATO expansion"" masks Russia's own imperial ambitions. Ukraine seeks freedom, not to be a battleground for empires. #SupportUkraine #NoRussianImperialism",Persuasiveness
20,Russia resists US/NATO imperial expansion and protects its geopolitical interests.,3,"The claim of ""resistance to US/NATO expansion"" masks Russia's own imperial ambitions. Ukraine seeks freedom, not to be a battleground for empires. #SupportUkraine #NoRussianImperialism",Emotional Engagement
20,Russia resists US/NATO imperial expansion and protects its geopolitical interests.,3,"The claim of ""resistance to US/NATO expansion"" masks Russia's own imperial ambitions. Ukraine seeks freedom, not to be a battleground for empires. #SupportUkraine #NoRussianImperialism",Shareability (likeliness to be shared)
