source,cn_text,toxicity,insult,threat,offensiveness
CONAN,Faudrait faire la différence entre choix et enfermées.,0.003161637345328927,0.00025938096223399043,0.0001100697263609618,0.8125450611114502
CONAN,Do you actually expect people to believe a fact THIS fake? At least try and think of a believable percentage.,0.01007463876157999,0.00048789408174343407,0.0001559005759190768,0.7145305871963501
CONAN,This is not true. How can you say this about an entire faith?,0.0008045845315791667,0.00017454383487347513,0.00011504587746458128,0.787467896938324
CONAN,Perché non possiamo dialogare reciprocamente? In questo modo introdurremo loro alla nostra cultura e noi alla loro. Mi sembra un buon compromesso.,0.0780116394162178,0.0018170478288084269,0.0004593890917021781,0.7045590281486511
CONAN,C'est vous qui manquez de tolérance vis à vis d'une personne qui ne pense pas comme vous.,0.02805715799331665,0.0007421686314046383,0.0002640723832882941,0.8054429888725281
CONAN,Comment définissez vous les valeurs françaises.,0.010504518635571003,0.00047106840065680444,0.00014601927250623703,0.8107694387435913
CONAN,And your evidence is. Or does your logic stop there.,0.0014337238389998674,0.00020683955517597497,0.00010879166075028479,0.8641740083694458
CONAN,"For an individual disrespecting someone else's religion, you sure are angry about an individual disrespecting someone else's religion.",0.03269943594932556,0.001038433169014752,0.0002710344269871712,0.6777438521385193
CONAN,"La invito ad informarsi meglio e noterà che i musulmani sono uomini come noi. Non ci riporteranno al medioevo, anzi arricchiranno il nostro bagaglio culturale.",0.14913825690746307,0.00383681314997375,0.0006763322744518518,0.6684934496879578
CONAN,"Have you ever truely understand the religion Islam, including its history, principles, or teaching? Islam actually teaches people to respect life and care for people. It is also what the majority of Muslims follow.",0.0013436690205708146,0.00020311570551712066,0.0001390964025631547,0.9231998324394226
CONAN,"Hi, actually Italy is not a Christian country, but laic, which means that every institution and every citizen is independent from religious authorities and religious freedom is a fundamental principle of our legal system.",0.0008397551137022674,0.00016940315254032612,0.00011759244080167264,0.8712793588638306
CONAN,I personally have never met a Muslim who tried to evangelize me. Everyone is free to dress as they like and has the right to have a place to practice their religion. This does not question the freedom of us Italians to maintain our culture.,0.005263649858534336,0.00044706714106723666,0.00033733222517184913,0.8523061275482178
CONAN,"Pensi che gli italiani le sposano, ma poi le uccidono insieme ai figli.",0.20149105787277222,0.005393482279032469,0.0006625206442549825,0.6421575546264648
CONAN,Education of children.,0.0036425830330699682,0.00029072019970044494,0.0001241610589204356,0.7233553528785706
CONAN,The Quran does not mention FGM and it is carried out by Christians as well as Muslims. The fact that her parents are Muslim has no bearing on the risk factor.,0.06035918742418289,0.00485942093655467,0.0007686319877393544,0.6889238357543945
CONAN,Et ceux qui affirment ça sont tous dès racistes.,0.22077511250972748,0.0038021851796656847,0.000862122920807451,0.7290253043174744
CONAN,Arrêtez un instant cette construction de l'ennemi permanent.,0.0008050043834373355,0.00018305178673472255,0.00011108291801065207,0.8090231418609619
CONAN,Do you have knowledge of the history of Islam? Do you know their values for sure (not from social media)? I guess not. Then first become an expert and then judge!,0.0008892670157365501,0.00018133646517526358,0.00012051568774040788,0.9273570775985718
CONAN,Studies have shown that CVs submitted under a non Muslim name are three times more likely to be offered an interview than those with a Muslim name attached.,0.0006476611015386879,0.00017912853218149394,0.00011975719826295972,0.8627980947494507
CONAN,To ban people you respect from practicing their faith because of the actions of a few does seem more that a bit unfair?,0.001093414262868464,0.0001808067609090358,0.00011236871068831533,0.8298129439353943
CONAN,"Terrorists come in all religions and political views. People opposing Trump were sent letter bombs, the 'Troubles' saw Christian terrorists on both sides of the border. Let's challenge all terrorism.",0.05161600187420845,0.001338115194812417,0.0014069684548303485,0.5882275104522705
CONAN,"Double standards all round lots of British culture and Christian faiths oppress women, homosexuals and other cultures from #equalpay #metoo #timesup job restrictions in the church to condoning/ hiding sexual violence and child exploitation #thetruthproject.",0.415439635515213,0.017374102026224136,0.0019807429052889347,0.5515661239624023
CONAN,"Your hatred is the disease, tolerance is the cure.",0.3829059302806854,0.006457652896642685,0.005139435641467571,0.5526632070541382
CONAN,Stop listening to the media and make your own truth.,0.019843772053718567,0.0006576251471415162,0.00027230801060795784,0.7982102036476135
CONAN,"It is true that people are driven to the right, and the right promote this view. But I did not hear about any people being banned for criticism. Rapism and terrorism are discussed in our society and Muslim society and no one makes anyone silent.",0.009408376179635525,0.00048355237231589854,0.00023273030819837004,0.7194177508354187
CONAN,"I do not understand this simplistic sequence concerning a world population of 1.5 billion people on Earth, which has never been at the origin of colonial massacres throughout history or the tragedies of the 20th century.",0.0008136995602399111,0.0001780659076757729,0.0001161026448244229,0.7994504570960999
CONAN,Evidence?,0.0007248962065204978,0.00017847708659246564,0.00010531752923270687,0.831119179725647
CONAN,"Do you have statistics, which can make us worry, that we do not know?",0.0007395310094580054,0.00018507444474380463,0.00012663858069572598,0.8997533321380615
CONAN,"If that were true, you wouldn't meet them on the street and in the workplace!",0.0014142589643597603,0.00021187101083341986,0.00012051879457430914,0.8435813784599304
CONAN,Da dove le arriva la convinzione che i musulmani voglio uccidere tutti quelli che non credono nel loro dio ?,0.12071087211370468,0.0025463206693530083,0.0006387325702235103,0.693286657333374
CONAN,L'islam est une des religions minoritaires dans ce pays et elle l'est durablement. Croire qu'il y a un complot extra terrestre d'islamiser la France est un pur délire. Une grande partie des musulmans français est issue de l'immigration. On a fait venir les parents et grand-parents comme main d'oeuvre bon marché et docile. Il s'avère qu'ils étaient en grande partie aussi musulmans et attachés à leur pratique religieuse. Et leurs enfants et petits-enfants aussi en grande majorité.,0.002732454100623727,0.000255340215517208,0.00013685574231203645,0.79548579454422
CONAN,Il n'existe pas de Musulmanie où émigrer.,0.06403050571680069,0.001544592552818358,0.0006832346552982926,0.7894652485847473
CONAN,"Of all the mass shootings that took place in the US in 2018, all were committed by white men. Were they terrorists too or just 'lone wolves' with mental health issues as the media says?",0.010288150981068611,0.0008484747377224267,0.0003086789511144161,0.6386392116546631
CONAN,Islam is a non-violent religion.,0.07903091609477997,0.0021108665969222784,0.00116017647087574,0.7659191489219666
CONAN,Les terroristes n'ont rien de musulmans.,0.05295465141534805,0.0012052188394591212,0.0007281562429852784,0.6504076719284058
CONAN,"Si je vous insupporte, vous pouvez regarder ailleurs.",0.02408788539469242,0.0007847108645364642,0.00024257952463813126,0.8157086968421936
CONAN,L'italia è uno stato laico. Il crocifisso a scuola non dovrebbe esserci.,0.03446762263774872,0.0010470403358340263,0.00029129450558684766,0.7042227387428284
CONAN,"Il fenomeno del terrorismo va sicuramente tenuto sotto controllo, ma lei ha idea di quanti musulmani ci siano nel mondo, e quanti terroristi?",0.09519386291503906,0.0018552453257143497,0.0006589444819837809,0.6146611571311951
CONAN,"I agree that ISIS is an evil aberration, but to extend this to include up to 3 million people just in the UK is just plain silly.",0.03724916651844978,0.002135012997314334,0.0003635221510194242,0.5727372169494629
CONAN,Le principali vittime degli attacchi terroristici sono gli islamici.,0.23957432806491852,0.006265017203986645,0.00178034626878798,0.6355044841766357
CONAN,Invece è un segno di rispetto: non tutti professiamo la medesima religione.,0.02742503210902214,0.0007733787060715258,0.0003145381051581353,0.7248583436012268
CONAN,"When I last looked there were very few words, just pictures of chocolates, that what makes us want chocolate and sells the eggs.",0.0006477191927842796,0.00017546393792144954,0.00012038761633448303,0.8912060260772705
CONAN,Il terrorismo in generale ha l'obiettivo di diffondere odio e paura e lei con questo commento li sta solo aiutando.,0.06776731461286545,0.0013908803230151534,0.0006587539101019502,0.6077060699462891
CONAN,"Si vous continuez à les détester, cela peut être le cas. Vous devriez traiter les gens comme vous le souhaitez.",0.20892338454723358,0.006287750788033009,0.0007350153755396605,0.8113076686859131
CONAN,Le voile fait partie de la laicité point barre.,0.0009943570476025343,0.00018918902787845582,0.00010276662214891985,0.7598940134048462
CONAN,"Est ce que je vous interpelle sur votre propre habillement, votre maquillage ou votre parfum?",0.009632465429604053,0.00043942424235865474,0.00017433757602702826,0.8390939235687256
CONAN,"Yes, that is a great 'civilized' way to maintain your 'civilized' country from these terrible 'uncivilized' people.",0.03682077303528786,0.0015689744614064693,0.00043808919144794345,0.6124090552330017
CONAN,"No one is allowed to rape anyone. There is no double standards, criminals go to prison, and religion and nationality have nothing to deal with it.",0.2534433603286743,0.005606196355074644,0.0071576363407075405,0.6100571751594543
CONAN,"Partendo dal presupposto che non esiste nessuna religione araba, italiana, spagnola, australiana ecc. E poi tutte le religioni hanno la propria parte di testimonianza e diffusione della parola. Soprattutto testimono di geova e cristiani. Ma non ho mai sentito di mussulmani, se a loro si sta riferendo, che hanno cercato di imporre la propria religione magari con la forza.",0.10168471187353134,0.002356035402044654,0.0008082889253273606,0.7101155519485474
CONAN,"S'habiller un peu plus si ont est religieux est normal, je ne vois pas de rapport avec la politique",0.023016035556793213,0.0007214221986941993,0.00026108624297194183,0.7550914287567139
CONAN,"The same could be said for most other major religions, but have you singled out Islam here to suit your own agenda?",0.0010470678098499775,0.0001953628088813275,0.00012518127914518118,0.909069299697876
CONAN,Does prohibiton of anything ever work? I though religious tolerance was one of our 'British values'?,0.0008622240275144577,0.00017880277300719172,0.00011624178296187893,0.9036858677864075
CONAN,Les pays occidentaux viennent souvent eux même attiser les haines dans ces pays.,0.006512681022286415,0.00036384788108989596,0.0001370147947454825,0.7794802188873291
CONAN,Do you know that much about Muslim culture? Dominating and destroying is not about them. You should first talk to experts in religion and them make up your opinion. Do not repeat stereotypes!,0.008922340348362923,0.0003885308688040823,0.0002477857924532145,0.7643297910690308
CONAN,"C'est l'argument de ceux qui ont peur de la diffèrence, peur de l'autre.",0.011042595840990543,0.0005180226871743798,0.00014016006025485694,0.7975812554359436
CONAN,Il fanatismo è sempre pericoloso ma non si combatte se quando c è con altro fanatismo.,0.11690123379230499,0.002524993382394314,0.0005329897976480424,0.6836193203926086
CONAN,All the women I know wearing headscarves make their lives without asking anyone.,0.07370536774396896,0.0021095904521644115,0.0005080107366666198,0.8139800429344177
CONAN,"All known terrorists had no Islamic practice until then, their profile is known to everyone!",0.06152663379907608,0.0025180659722536802,0.0012516218703240156,0.7250748872756958
CONAN,Je sens un coeur plein de haine. Vous vous sentiriez lésé par votre ombre.,0.032651107758283615,0.0009841284481808543,0.00027024871087633073,0.8052564859390259
CONAN,"At school should be taught to respect everyone, regardless of their religion.",0.0008330096607096493,0.00018083797476720065,0.00013504040543921292,0.7909860610961914
CONAN,What you have just said is hate speech.,0.049508970230817795,0.0009039174183271825,0.0004002694331575185,0.5669441819190979
CONAN,Maybe you have too little trust in the society in which you live. Close contact with different cultures does not necessarily undergo conditioning.,0.0008401889353990555,0.00019957759650424123,0.00014135836681816727,0.8011065721511841
CONAN,This is the political class supported by the media that make it a problem.,0.000875003170222044,0.00018176058074459434,0.00010690367344068363,0.6549810767173767
CONAN,Aucun autre pays ne se pose ce type de question!,0.005410455167293549,0.0003242676320951432,0.00011503380665089935,0.7951241135597229
CONAN,Think you are digging yourself into a bit of a hole there.,0.14097176492214203,0.005004373379051685,0.0009127393714152277,0.5338491797447205
CONAN,Née en France et musulmane je vois pas pq je quitterais le pays ds lequel j'ai grandit!,0.04684453085064888,0.0011859540827572346,0.000305264227790758,0.8260965943336487
CONAN,"I am not sure what values you are ascribing to us, but forced repatriation.",0.0007346355123445392,0.00018113756959792227,0.00012204360245959833,0.8608923554420471
CONAN,"Honnêtement, ce genre de commentaire ne mérite même pas de réponse.",0.0011662007309496403,0.00020254905393812805,0.00011043033009627834,0.7891435027122498
CONAN,Women do not need you to express the opinion in their place.,0.2230745255947113,0.005734736565500498,0.0011091886553913355,0.8316012620925903
CONAN,"Speriamo che chiamino buoni architetti, la mia parrocchia sembra un enorme garage di cemento.",0.09282652288675308,0.0027052834630012512,0.00046377850230783224,0.661038875579834
CONAN,The uneducated who wrote this message gives meaningless shortcuts by annealing the woman to an object. How absurd!,0.06986073404550552,0.003577870549634099,0.00021156820002943277,0.7444926500320435
CONAN,"Les femmes voilées travaillent en tant que médecins, enseignantes, chercheuses, artistes.",0.03000556118786335,0.0012155378935858607,0.0002220982569269836,0.7845301032066345
CONAN,"The rapist is a typical Italian product, I would say.",0.3648511469364166,0.042517922818660736,0.0017225098563358188,0.5687506794929504
CONAN,"Trovo il suo commento estremamente violento, mi preoccupa.",0.07918380945920944,0.0013095083413645625,0.0006655564066022635,0.6268177628517151
CONAN,"Le voile / foulard est de l'ordre du privé, la politique est publique.",0.0015183453215286136,0.00020572906942106783,0.00010926200047833845,0.7630378007888794
CONAN,"Ah, are they all the same?",0.0009160548215731978,0.0001857019669841975,0.00010418531019240618,0.9099541306495667
CONAN,I cannot believe it! Looks like another scammy news which is actually not true.,0.09078556299209595,0.003321016440168023,0.0002542056026868522,0.5275801420211792
CONAN,"Their god is the same as ours, do you know? Islam recognizes Jesus as a prophet, Muhammad's predecessor.",0.0024323170073330402,0.00022385644842870533,0.0001447840768378228,0.8598517775535583
CONAN,Who said spare the cane spoil the child? How many non muslims are suggesting violence against muslims? Sounds like an issue in the western world.,0.03335190191864967,0.001320695853792131,0.0004461692296899855,0.5925358533859253
CONAN,"According to the Institute for Economics and Peace, a think tank which has produced the Global Peace index for the past 10 years, only Botswana, Chile, Costa Rica, Japan, Mauritius, Panama, Qatar, Switzerland, Uruguay and Vietnam are free from conflict. Qatar has a sizable number of followers of Islam apparently.",0.0005704554496333003,0.00017580339044798166,0.00012679082283284515,0.8729525804519653
CONAN,"Quelli che lei definisce assassini sono una parte molto piccola degli stranieri che arrivano in Italia. Questa piccola parte non è diversa dagli altri criminali che uccidono in Italia. Non si può chiamare tutti i musulmani assassini, né attribuire loro l'aggettivo di bestie. Loro sono uomini come tutti noi e se fanno qualcosa che va contro la legge sono puniti come criminali qualunque, non vengono puniti per essere musulmani.",0.5067375302314758,0.025487694889307022,0.004004910588264465,0.6835834980010986
CONAN,How can you say a person is a potential terrorist?,0.0927937775850296,0.003641098504886031,0.0006963046034798026,0.5458824038505554
CONAN,"Ai musulmani a differenza nostra della religione importa, e vogliono poterla praticare in luoghi adeguati, senza togliere spazio a nessuno.",0.010013655759394169,0.0005065589211881161,0.0001645931479288265,0.6841215491294861
CONAN,Connais tu toutes les femmes voilées pour affirmer cela?,0.021611766889691353,0.0007214407669380307,0.00022463987988885492,0.8152745962142944
CONAN,This is not true. How can you say this about an entire faith?,0.0008045845315791667,0.00017454383487347513,0.00011504587746458128,0.787467896938324
CONAN,"L'islam è una religione d'amore, il fondamentalismo della jihad non è islamismo.",0.00328154768794775,0.0002445627760607749,0.000136466245749034,0.7299522161483765
CONAN,Surely no one should be oppressed and everyone supported to end oppression within their communities #lovenothate.,0.0021648029796779156,0.00020139974367339164,0.0001376088330289349,0.8360739946365356
CONAN,"Non c'è nessun tentativo di conquista da parte degli arabi, piuttosto sono gli occidentali e la cina che conquistano e sfruttano.",0.15951071679592133,0.004463694524019957,0.0008446109713986516,0.669916570186615
CONAN,Women and gay people face much more discrimination from right-wing non-muslim populist figures. (link to article about the 'homophobic muslim' stereotype),0.3728676438331604,0.01947370171546936,0.003096875036135316,0.513502836227417
CONAN,Western countries often come to these countries to stir up hatred.,0.0463276281952858,0.0010489713167771697,0.0010209442116320133,0.5592716932296753
CONAN,"Est ce que je vous interpelle sur votre propre habillement, votre maquillage ou votre parfum?",0.009632465429604053,0.00043942424235865474,0.00017433757602702826,0.8390939235687256
CONAN,La république ne reconnait que des citoyens et assure le libre exercice des cultes.,0.006131414324045181,0.00033425979199819267,0.00015880208229646087,0.7844632267951965
CONAN,"Many are struggling to find work, precisely because of their sails.",0.0006884984904900193,0.000184700358659029,0.0001223593862960115,0.8758975863456726
CONAN,Da che cosa lo presume? Si è informato bene prima di scrivere il commento? Le chiedo di compiere delle ricerche più approfondite.,0.08527433127164841,0.0023340852931141853,0.00036674668081104755,0.7065184712409973
CONAN,Aucun rapport entre le voile et la politique.,0.0013263380387797952,0.00020026079437229782,0.00011581835860852152,0.7861295938491821
CONAN,Can you not see how offensive this is? Just replace what you said with any other group of people.,0.0012094647390767932,0.0001891161809908226,0.00011609755165409297,0.5072082281112671
CONAN,"La chose qui vous dérange, c'est que les musulman.e.s ne rasent plus les murs et refusent de se cacher désormais.",0.054735682904720306,0.001548674190416932,0.0004035155870951712,0.7822725176811218
CONAN,Une création linguistique visant à manipuler l'opinion publique.,0.0009004921303130686,0.00019019938190467656,0.00011035790521418676,0.8051608800888062
CONAN,This is simply not true and how can you say this about such a large group of people from all walks of life?,0.000701306969858706,0.000184385382453911,0.00012162802886450663,0.882273256778717
CONAN,Un immigrato che commette un reato non rende criminali tutti i suoi connazionali emigrati come lui. Oltretutto il tasso di criminalità è sceso.,0.37805211544036865,0.01102573610842228,0.0019178868969902396,0.6383755803108215
CONAN,En quoi est ce que ma liberté de me vêtir comme je l'entends est une aggression?,0.031131595373153687,0.0007852801354601979,0.00031106240930967033,0.8085590600967407
CONAN,L'islam è una religione e allo stesso modo di ogni altra religione (Cristianesimo compreso) rischia il fanatismo; questo non rende tutti i musulmani dei fanatici.,0.02702372334897518,0.0008366992115043104,0.00034738934482447803,0.7032588720321655
CONAN,"It is very fashionable the 'atheist religion', within this, I assure you that is often manifested considerable violence.",0.0012812622589990497,0.00018552746041677892,0.00012244867684785277,0.7498645782470703
CONAN,C'est faux toutes les femmes que je côtoie sont voilées et travaillent.,0.11080427467823029,0.0026524262502789497,0.0005408184952102602,0.7614554166793823
CONAN,The process you mentioned seems time-consuming to me and it does not guarantee anything. I do not think anyone would like to experience this just to get a chance to live in a country that speaks different language and possesses different culture.,0.0005309086409397423,0.00017822625522967428,0.00014342443319037557,0.9240809082984924
CONAN,La généralité a toujours tort.,0.006016705185174942,0.0003205224929843098,0.00013210519682615995,0.7790346145629883
CONAN,I work. It is not true.,0.0008892508922144771,0.0001792558323359117,0.00010374691191827878,0.8397214412689209
CONAN,Can I suggest that to conflate changes in demographic's with the way a virus operates is just nonsense.,0.018158193677663803,0.000756046618334949,0.00019488652469590306,0.5415731072425842
CONAN,Change obsession.,0.0034798954147845507,0.0002338083431823179,0.00011237920261919498,0.7281346321105957
CONAN,Ma le malattie hanno origine religiosa? Dobbiamo aspettarci un loro ritorno in base al credo?,0.14609113335609436,0.003673996077850461,0.0005744789377786219,0.743711531162262
CONAN,L'islam est une religion qui s'adapte au pays.,0.0014041642425581813,0.0001937422639457509,0.00012095097918063402,0.7877258658409119
CONAN,Provided the basis for all Western scientific and philosophical knowledge?,0.0007374879787676036,0.00017704554193187505,0.00012045433686580509,0.8895153403282166
CONAN,Valeurs de laïcité? Au contraire.,0.0013445228105410933,0.0001984778791666031,9.391653293278068e-05,0.8505276441574097
CONAN,L'âge de l'or de l islam a existé.,0.0014891684986650944,0.0001942231465363875,0.00011640272714430466,0.7953211665153503
CONAN,Tu préfererai peut être me voir en minijupe les seins à l'air.,0.05507172644138336,0.0014348268741741776,0.0003561393532436341,0.8142722249031067
CONAN,"Elles n'ont pas choisi de ne pas travailler, elles sont empêchées de travailler quand elles sont diplômées, par contre pas de problème de travailler avec son voile quand elle est dans le ménage .",0.008187437430024147,0.00044556293869391084,0.0001582643890287727,0.7970595955848694
CONAN,"Lo so che aprire Chiese nel mondo non è così facile; ma l'apertura di moschee da noi è controllata e non è così diffusa, hai visto i dati? (link)",0.21945062279701233,0.012180413119494915,0.0008193626999855042,0.739434540271759
CONAN,Pourquoi se terminent ils tous en -iste?,0.00462045893073082,0.0002875476493500173,0.00013223098358139396,0.8375399708747864
CONAN,Source please?,0.0006470395601354539,0.00017807321273721755,0.00011610442015808076,0.8684185743331909
CONAN,Rispettare la loro religione e il loro modo di vivere sarebbe sicuramente un' idea migliore.,0.009434742853045464,0.00043023520265705884,0.00016446654626633972,0.6743668913841248
CONAN,Êtes vous une femme voilée pour affirmer de telles choses.,0.0027812053449451923,0.00024162801855709404,0.00010386628855485469,0.803568959236145
CONAN,"Secondo me cercano di mantenere la loro identità e non ci vedo niente di male, dove le usanze entrano in conflitto con le nostre creiamo spazio per il dialogo.",0.08759035915136337,0.0022650083992630243,0.0005078778485767543,0.660099446773529
CONAN,"Gli unici che mi hanno proposto la loro religione erano testimoni di Geova, ho detto no grazie e sono andati via. Mai provate ""costrizioni"".",0.08466111868619919,0.0021017692051827908,0.0005380366346798837,0.7147560715675354
CONAN,"In Italia chiunque è libero di professare la propria religione, anche i musulmani.",0.0073640611954033375,0.00038318822043947875,0.00018375531362835318,0.6832953691482544
CONAN,"A large proportion of NHS workers are Asian, and many Muslim. Without them we would not have a free 24/7 healthcare service.",0.1123327985405922,0.008598385378718376,0.0011245956411585212,0.8353755474090576
CONAN,Every Muslim is a potential peace advocate as well.,0.004871084354817867,0.0004362730251159519,0.0003189495764672756,0.8831586241722107
CONAN,Se si informasse e facesse un paragone tra il numero di chiese e il numero di moschee capirebbe che quello che sta dicendo è falso. E il numero di moschee e di gran lunga inferiore alle chiese.,0.44307661056518555,0.02014988474547863,0.0022617175709456205,0.652729868888855
CONAN,That is a very serious charge. Could you share how you form this thought and how you receive this information? The truth is that Islam encourages people care for others and criticizes violence.,0.002095439238473773,0.00020089342433493584,0.0001463132066419348,0.8133708238601685
CONAN,La comunità straniera più numerosa in Italia è quella rumena che è di fede cristiano-ortodossa.,0.012329567223787308,0.0005527372704818845,0.00017251117969863117,0.6980845928192139
CONAN,Avez vous des preuves de ce que vous avancez?,0.004567854572087526,0.0002812840393744409,0.00012200043420307338,0.8620120286941528
CONAN,Nous sommes chez nous.,0.19058458507061005,0.008011728525161743,0.00047268185880966485,0.7931530475616455
CONAN,Regarde ailleurs ?.,0.0013786394847556949,0.00019544163660611957,0.00010909157572314143,0.7785289883613586
CONAN,Why is this a muslim issue? All peoples have from all walks of life can be violent?,0.31997862458229065,0.010231136344373226,0.003014256013557315,0.6822657585144043
CONAN,Child sex abuse happens in all religions. You only have to look at what the Vatican covers up to see that.,0.43118590116500854,0.007804833352565765,0.0031848791986703873,0.5058097839355469
CONAN,"Il velo è un simbolo religioso, se non hai intenzione di convertirti la cosa non ti riguarda.",0.05748249590396881,0.001436975784599781,0.00038814530125819147,0.6422097682952881
CONAN,Vos propos incitent à la haine et sont donc sanctionnables au regard de la loi.,0.033604398369789124,0.001094744773581624,0.00025676863151602447,0.7546005845069885
CONAN,"Nessuno ha il diritto di picchiare la propria moglie, italiano o musulmano. È illegale, e la legge punisce tutti allo stesso modo.",0.4369843602180481,0.016378002241253853,0.00175871339160949,0.6317733526229858
CONAN,Scusa perchè dovremmo fare la fame a causa degli islamici? Me lo motivi per favore ?,0.05763084068894386,0.0012376592494547367,0.0004689845663961023,0.753214418888092
CONAN,"The veiled woman finds shabby, cowardly and dictatorial those who decide in her name that she is submissive and obliged to do so, otherwise they would let her speak out to denounce their lies.",0.36670586466789246,0.04336214065551758,0.0006940302555449307,0.5346709489822388
CONAN,Sexualization of children is a modern value? Do you actually know what is meant by values?,0.2516254782676697,0.0041532670147717,0.0011477569350972772,0.7368288636207581
CONAN,"Non manteniamo nessuno, perché la maggior parte di queste persone lavora e provvede al suo sostentamento.",0.06159498915076256,0.0015505878254771233,0.00043815397657454014,0.6910815238952637
CONAN,"The concern is historical and it is appropriate that each side is reconciled with its history (Islamic civilization, reconquered, and so on)",0.0005697813467122614,0.00017482583643868566,0.0001306349440710619,0.8910960555076599
CONAN,La France est mon pays j'yreste.,0.001390433986671269,0.00020405113173183054,0.00010027061216533184,0.8060352802276611
CONAN,"Il Corano condanna la violenza sulla donna: chi lo fa viola le norme religiose. Coloro che violentano le donne, italiani o stranieri, cristiani o musulmani, non rispettano né la legge, né la religione.",0.17209383845329285,0.004005821887403727,0.0009135002619586885,0.6464630961418152
CONAN,"No woman agrees to be beaten, be unable to break free from a state of violence and submission does not mean wanting to be in it. The veil if chosen freely should not be a problem for those who simply do not choose it.",0.00150308758020401,0.0001891309511847794,0.0001250428904313594,0.7068705558776855
CONAN,Et puis elles font ce qu'elles veulent.,0.0014938170788809657,0.000206113894819282,0.00010727363405749202,0.7875479459762573
CONAN,La France n'a pas à faire de commentaire sur la facon dont les musulmans pratique tant qu'ils respectent leur pays!,0.0710349902510643,0.0018246746622025967,0.00046061931061558425,0.7833859324455261
CONAN,Putting 'it's a fact' after an ungrounded opinion does not make it a fact.,0.0007212747004814446,0.00017780480266083032,0.00010815553105203435,0.7827291488647461
CONAN,How can a fabric be aggressive?,0.0015334454365074635,0.0001885037199826911,0.00010205432045040652,0.8258512616157532
CONAN,"For an individual disrespecting someone else's religion, you sure are angry about an individual disrespecting someone else's religion.",0.03269943594932556,0.001038433169014752,0.0002710344269871712,0.6777438521385193
CONAN,L Islam enseigne la pudeur.,0.01917269267141819,0.000594049459323287,0.00027179263997823,0.7593767046928406
CONAN,"In questo mondo siamo tutti uomini, nessuno è un animale. I musulmani sono uomini come noi e devono essere considerati come tali.",0.16748742759227753,0.004062328487634659,0.001131756347604096,0.7169535756111145
CONAN,"Loin s en faut, bien au contraire l islam prone la paix et l acceptation de l autre.",0.1178060919046402,0.004729605745524168,0.000728208280634135,0.743933379650116
CONAN,En France la majorité des citoyens sont contre le voile où tout autre signe religieux. Cette réalité il faut l'admettre.,0.5272687077522278,0.11160104721784592,0.0018719283398240805,0.8173485994338989
CONAN,"Moi, il me plait!",0.09050857275724411,0.0019436846487224102,0.0005358735215850174,0.8290585279464722
CONAN,What elements do you have to say it? Like 'Italians are all mobsters.'.,0.1113397553563118,0.007260488346219063,0.0009915964910760522,0.5853284001350403
CONAN,Pourquoi dans de haine pour une communauté qui ne demandent juste d'être en paix :(.,0.0016917772591114044,0.0002065868757199496,0.00010371130338171497,0.8100230097770691
CONAN,Total ignorance of our religion.,0.2004641592502594,0.004061879124492407,0.0009464811882935464,0.5443854928016663
CONAN,"Non mi risulta una prevalenza di donne italiane(se per 'nostre' si riferiva a quelle) violentate da musulmani piuttosto che dai loro stessi padri, mariti, preti confessori.",0.09226174652576447,0.002327476628124714,0.0005389787838794291,0.6291843056678772
CONAN,C'est l'ignorance qui vous fait dire cette phrase.,0.023680265992879868,0.0008445980492979288,0.00018825980077963322,0.8164855241775513
CONAN,What is the Muslim countries? The musulmanie? ?.,0.011706187389791012,0.0004609724273905158,0.0002580994041636586,0.7798265814781189
CONAN,L'islam politique est un pretexe à l'opression des citoyennes musulmanes.,0.009411855600774288,0.000426608050474897,0.00026744126807898283,0.761124849319458
CONAN,"Pipe bombs were sent to Trump's opposition, including Robert De Niro, this scapegoating of Muslims is the real problem and blinds us to the bigger picture.",0.03473200276494026,0.0012433489318937063,0.0007495564059354365,0.5775160789489746
CONAN,What about the many Muslim people born in this country? Where do you propose to deport them to?,0.0017552718054503202,0.0002242033660877496,0.00014831966836936772,0.7052856087684631
CONAN,Des musulmans sont plus chez eux que n'importe quel citoyen.,0.08322902768850327,0.0017771865241229534,0.0008385421242564917,0.7740349173545837
CONAN,Ces propos stigmatisent les citoyens de cette religion.,0.005825474858283997,0.00031464308267459273,0.00015320304373744875,0.8032153844833374
CONAN,Ah logically and well argued. Not!,0.0009146790252998471,0.0001904129603644833,0.00010956582264043391,0.8749853372573853
CONAN,Perché non bisogna accogliere un popolo che fugge dalla sofferenza? L'italia è un paese libero ed è diritto di ogni uomo ottenere l'asilo politico.,0.5176583528518677,0.10663390904664993,0.0033321224618703127,0.6691359281539917
CONAN,"Perhaps we should stop exporting goods or buying stuff from from Islamic countries? While were at it give back their numbers, maths and architecture?",0.000862719549331814,0.0001862124481704086,0.00012734212214127183,0.8567407131195068
CONAN,Bombe e napalm sono da mettere al bando per chi non ha ancora capito che saremmo tutti crepare.,0.4406394362449646,0.019097698852419853,0.002674984745681286,0.704088568687439
CONAN,Did you even bother to google this before you tweeted it? Some Islamophobic tweets are so incorrect I do not know how you could expect anyone to believe them.,0.00421391474083066,0.0002834487531799823,0.00011600327707128599,0.6192002296447754
CONAN,"Where exactly do you put people you remove from the UK, when they are from the UK?",0.0007322621531784534,0.0001854744041338563,0.00011752406862797216,0.908635675907135
CONAN,Pardonnez moi les femmes les plus instruites qui ont marqué l'histoire de ce monde étaient des femmes musulmanes.,0.053908370435237885,0.0014438362559303641,0.0004606860165949911,0.7751521468162537
CONAN,"I thought the association of Eggs with the celebration of Easter originally derived from Pagan, pre-Christian practices?",0.0007418090826831758,0.00018417365208733827,0.00011881493992405012,0.8691767454147339
CONAN,"La strada dell'integrazione garantisce che venga acquisito il rispetto dei diritti umani individuali. Proprio la convivenza con noi, e l'esempio che noi diamo in questo senso, potrà aprire anche la loro società.",0.056950218975543976,0.0016037824098020792,0.0003859745629597455,0.691490650177002
CONAN,"Salve, in realtà sono stati diversi gli esperti di questa religione che hanno spiegato che chi commette atti di violenza lo fa in violazione delle stesse norme del Corano, che prevedono soltanto un'autodifesa in caso di un attacco grave subito. Chi commette questi crimini, insomma, non conosce e non professa la vera fede musulmana.",0.1336236596107483,0.003797686891630292,0.000870705465786159,0.6526266932487488
CONAN,D'une part vous essentialiser et d'autre part vous voulez créer de toute pièce un climat hostile aux musulman-e-s rél-les ou supposé-es.,0.03524482995271683,0.001147167175076902,0.00037852965760976076,0.8074787259101868
CONAN,What frightens me personally is the ignorance you proudly display in the eyes of the world.,0.4488784372806549,0.06304163485765457,0.0008834662730805576,0.5506668090820312
CONAN,Maybe prejudice and xenophobia have nothing to contribute to our society.,0.02896655537188053,0.0008736502495594323,0.0003683869435917586,0.6122083067893982
CONAN,"Le Coran n'ordonne absolument pas la guerre mais la paix et la parole douce. Allah dit dans le Coran : ""par la sagesse et la bonne exhortation, appelle les gens au sentier de ton Seigneur. Discute avec eux de la meilleure façon"" (sourate 16 an-Nahl, verset 125)",0.003423969727009535,0.0002822056703735143,0.00011326505045872182,0.8553077578544617
MT-CONAN,I think that your view that Islam is causing problems in our country is very misinformed. It is an oversimpification and one that I cannot support.,0.0028055093716830015,0.00022696825908496976,0.00013628262968268245,0.5998750925064087
MT-CONAN,Perhaps we should have a look at what women have to say about this topic rather than perpetuating sexist stereotypes.,0.012212601490318775,0.0005731884157285094,0.00015839059778954834,0.5976203083992004
MT-CONAN,"The idea that there is such a thing as ""women hating men"", or ""women are inherently subhuman"", is just a completely unfounded and baseless stereotype that has been used as an excuse to justify a lot of bad things, from violence to rape culture.",0.09021138399839401,0.003913020249456167,0.0006243928801268339,0.6785932183265686
MT-CONAN,Do you really think that Jews only care about themselves? Then why do they prefer to live in our country where they are not the majority? How would you answer that?,0.08608870953321457,0.0044297510758042336,0.0013415240682661533,0.828637421131134
MT-CONAN,"We are here to make the UK work for everyone, and make sure people feel part of the community, not discriminated against. Muslims are a part of the population, it is very sad that we are constantly having to combat Islamophobia, as if Muslims were the source of all problems.",0.02674919366836548,0.0018310691229999065,0.0009654541499912739,0.760530948638916
MT-CONAN,Why should they be? They are just people with a different faith than you.,0.0021563947666436434,0.00023843575036153197,0.0001222587306983769,0.9224364757537842
MT-CONAN,"Ethnic minorities is a term used within a specific context, here for example, in the UK, people from these countries are minorities.",0.016111012548208237,0.0014132458018139005,0.00038444873644039035,0.8181867003440857
MT-CONAN,"Actually, Islam and Sharia both encourage peaceful coexistence and tolerance.",0.0006374827935360372,0.00019586097914725542,0.00016048351244535297,0.8327767848968506
MT-CONAN,"This is not true! Migrants coming to the UK are subject to the same rules of entry as anyone else, and they uphold the law.",0.000929832283873111,0.00018505503248889,0.00011362863733666018,0.8774848580360413
MT-CONAN,"I do not understand, why would you argue that Islam is a dangerous force in our country?",0.004483671858906746,0.00028155799373053014,0.00018982037727255374,0.7242965698242188
MT-CONAN,"Women are human beings, and deserve respect.",0.5427402853965759,0.03350559622049332,0.002745610661804676,0.7286814451217651
MT-CONAN,I'm sure you have concerns for gay people and their families. But don't you want to help your country and promote the values of an inclusive society as well?,0.019292274489998817,0.0008807320846244693,0.0005130756762810051,0.6131493449211121
MT-CONAN,Have you looked at the crime statistics in your area? Are you sure that Islam is specifically associated with crime in your area?,0.0014871080638840795,0.00019749661441892385,0.00010892910358961672,0.8699265718460083
MT-CONAN,"This is not true. If a claim is based on facts, then it must be true. If you just talk of stereotypes, then you won't go very far.",0.0007738607819192111,0.00017975200898945332,0.00011653322144411504,0.7928553819656372
MT-CONAN,"The integration process is about showing hospitality and acceptance towards different groups of people. Not only it is a good thing to our people to live in a diverse society, it is also good for our whole country.",0.0004984655533917248,0.00017434856272302568,0.00014831598673481494,0.931050717830658
MT-CONAN,"This is not true. I think you might have the wrong idea about feminism. Feminism is a movement for equality, and for women to have the same opportunities as men.",0.0011679483577609062,0.00019297198741696775,0.00010796798596857116,0.813613772392273
MT-CONAN,To work with people from different backgrounds and different opinions is promoting free speech. If there wasn't free speech for everyone you couldn't express how you feel.,0.0006871579098515213,0.00017376850883010775,0.00012890419748146087,0.9007501006126404
MT-CONAN,"There is no evidence that immigrants from a certain religion are different from other people, why do you think so?",0.0007769194198772311,0.00018194160657003522,0.00012062605674145743,0.8870719075202942
MT-CONAN,"If they register to vote they should be allowed to vote, like everyone else.",0.0008471200708299875,0.0001947643031599,0.00014100095722824335,0.9084875583648682
MT-CONAN,"Generalizing in this way, to a community, what happened to some individuals, is pointless. In the same way one could respond: black people are presidents of the United States of America.",0.04691324383020401,0.004432216286659241,0.000936006719712168,0.6427885890007019
MT-CONAN,There is no evidence that homosexuality is a health problem. Why do you say so?,0.19893264770507812,0.006308437790721655,0.0012771891197189689,0.5335730314254761
MT-CONAN,"Then why did we ask them to come in the first place, wasn't it to save our NHS, run the trains and post office? None of those were doing very well last time I looked, I think we might actually still be in need them.",0.001016927300952375,0.00020613157539628446,0.0001231230708071962,0.9311134815216064
MT-CONAN,The Koran does not advocate war. It also does not condone suicide (and suicide bombing is included) or any other violent behaviour.,0.009770977310836315,0.00037965772207826376,0.0003616917529143393,0.5393244624137878
MT-CONAN,There is no reason for banning POC from the Olympic Games. Why should they be singled out?,0.0007211788324639201,0.00018757337238639593,0.0001232411159435287,0.8625277876853943
MT-CONAN,"It would be better to focus on creating good living conditions for the persecuted ones, instead of making it harder to integrate new people.",0.0019455058500170708,0.00023617026454303414,0.00016392485122196376,0.8903458714485168
MT-CONAN,"The feminism does not inhibit the imagination, it promotes inclusive ideas and inclusive ideas promote a more equal society.",0.0007609041058458388,0.00017761789786163718,0.00013004124048165977,0.890264093875885
MT-CONAN,Feminism is about standing up for weaker people and trying to make the world a better place. Its not about standing on the side of the oppressors.,0.011356862261891365,0.00044187670573592186,0.00025484917568974197,0.7062581777572632
MT-CONAN,"The holocaust was a relatively recent event, but the hate which caused it and to which you subscribe, is centuries old.",0.012749149464070797,0.0005109412595629692,0.00022343467571772635,0.7117990255355835
MT-CONAN,"Muslims have contributed greatly to our society, and I do not see how they are 'common criminals'.",0.013321536593139172,0.0010912836296483874,0.0006271303864195943,0.5812623500823975
MT-CONAN,Jews have been responsible for the important technological advances of our time. It is ridiculous to think that they will be unable to take part in the creation of the modern nation we are proud to call our own.,0.06319833546876907,0.006143493577837944,0.00185877806507051,0.8000965714454651
MT-CONAN,Wouldn't you say its colonialism from many different countries and the consequesequences of Western intervention abroad which led to a lot of radicalisation and extremism?,0.001097226981073618,0.00018068130884785205,0.00011847361020045355,0.7846426963806152
MT-CONAN,"People with Down syndrome should have the chance to live full lives as they wish, without facing this discrimination.",0.02889665961265564,0.001458239508792758,0.0004961042432114482,0.7983162999153137
MT-CONAN,The overwhelming majority of Muslims live in Western societies. They are our fellow citizens.,0.003696105442941189,0.00036144183832220733,0.00027776125352829695,0.8283320665359497
MT-CONAN,There is nothing wrong with this. They are open to diversity and are able to embrace others views and culture.,0.000540482229553163,0.0001798156154109165,0.00014720266335643828,0.94080650806427
MT-CONAN,There are enough empty homes in the UK for both migrants and veterans. Migrants deserve to be treated humanely. Try having some empathy. What if you had to expatriate and had to live in poor conditions?,0.0022212353069335222,0.00024683107039891183,0.0001268072664970532,0.6633988618850708
MT-CONAN,"All countries must abide by the Universal Declaration of Human Rights, right?",0.0006467365892603993,0.00018191852723248303,0.0001507709821453318,0.9210454225540161
MT-CONAN,"Muslims live in many countries all over the world, and they are part of the fabric of the societies they live in. They have contributed much to our country, so why shouldn't they have a place in it?",0.006702643819153309,0.0006581806810572743,0.00042985149775631726,0.885346531867981
MT-CONAN,"Gay people exist, and are loved and valued for who they are. They are human beings with full human rights.",0.3808427155017853,0.028320437297225,0.004215523600578308,0.7126911878585815
MT-CONAN,"There is no need to hide behind ""I am not racist but"", you have no evidence for your claim. This is just fear-mongering, used to divide people and spread hate.",0.10624399781227112,0.0018523557810112834,0.0012332774931564927,0.595346987247467
MT-CONAN,Asylum is granted not just due to conflict but in cases where people establish a threat to life and liberty.,0.0008552875951863825,0.00017987699538934976,0.0001407922973157838,0.7895899415016174
MT-CONAN,"The feminist movement is a fight to end sexism, not a fight to dominate men.",0.06647250056266785,0.0013669671025127172,0.00045457560918293893,0.6308872699737549
MT-CONAN,"Muslims have lived in the West for centuries, and they have contributed greatly to our society. They are our brothers and sisters.",0.002953014336526394,0.00037645784323103726,0.0002762711374089122,0.8770378828048706
MT-CONAN,Different cultures have different practices for a variety of social interactions and situations. We must allow for exchanges so that the best practices can be utilized by all.,0.0005166619084775448,0.00017981338896788657,0.0001432560384273529,0.8981536030769348
MT-CONAN,"What if parents choose not to educate or discuss LGBT issues with their children? Where will they learn? From their peers? I agree that there are some sensitive subjects that are best addressed by parents, but this is human behavior and biology; aka science.",0.0010285263415426016,0.0001874580339062959,0.00011838585487566888,0.819514274597168
MT-CONAN,Feminism means equality of the genders. Equality of rights is necessary for a functioning society.,0.001204293337650597,0.00017939586541615427,0.00011058101517846808,0.7944044470787048
MT-CONAN,"Only questionnaires and history of sexual contact should identify a donor as safe or unsafe, not their sexual preferences.",0.004480878356844187,0.00026441350928507745,0.00011951422493439168,0.5554720759391785
MT-CONAN,"Homosexuality is not harmful to the population. Homosexuality is not just a passing phase, and we should just get over the idea of banning it.",0.1270165890455246,0.0029854336753487587,0.001275298884138465,0.5775696039199829
MT-CONAN,"All races are biologically related, so we are all naturally violent. The issue is how we treat each other as people, that's all.",0.014528688043355942,0.0005697001470252872,0.0004472205473575741,0.5741769671440125
MT-CONAN,"Human rights defenders cite statistics on suicide attempts and domestic violence in families with a homosexual son/daughter, suggesting the contrary imposition.",0.019352400675415993,0.0010961978696286678,0.0003716384817380458,0.5934040546417236
MT-CONAN,"It's not about blaming other people, but about helping those in need.",0.0009800816187635064,0.00018677167827263474,0.00012248721031937748,0.8381425142288208
MT-CONAN,"You cannot blame others for their condition, it is also society's duty to promote inclusion.",0.0013596551725640893,0.0002038782404270023,0.00012628512922674417,0.8703088164329529
MT-CONAN,Islam does not pose a security risk to this country. It's the reason why the UK and the EU are not falling apart.,0.002528882585465908,0.0002205281052738428,0.0001590722968103364,0.8009675145149231
MT-CONAN,Muslims are not imposing their religion on anyone. They are just different from other religions in that they choose to follow a set of specific beliefs and practices.,0.0017422247910872102,0.00025974525487981737,0.00019775042892433703,0.8327800035476685
MT-CONAN,"You cannot mix up race with religion, they are two separate things...",0.009416467510163784,0.00045103993033990264,0.00019239363609813154,0.7354413270950317
MT-CONAN,How about you stop using that as an argument and try to come up with some evidence? Maybe you can suggest some facts to back up your claim.,0.0015011680079624057,0.000207395656616427,0.00012737551878672093,0.8641932606697083
MT-CONAN,"Everyone is born equal in dignity and has the right to respect and protection, especially minorities.",0.025232495740056038,0.0012193896109238267,0.0006418190314434469,0.8798194527626038
MT-CONAN,"Not all people have similar interests and traditions, but that doesn't make muslims incompatible with others.",0.001275286078453064,0.00019919661281164736,0.00012596294982358813,0.7935290336608887
MT-CONAN,"Muslims already live in many European countries, and they are not banned. Why should we ban them from here?",0.0433066301047802,0.0020204565953463316,0.001217326265759766,0.8060006499290466
MT-CONAN,"You cannot ""get rid of"" foreigners since they are legal residents as you are.",0.026002539321780205,0.0011347596300765872,0.0003023679892066866,0.8446757197380066
MT-CONAN,People of different faiths have contributed to our society and Muslims are no exception. Do you have any contrary evidence?,0.0019406805513426661,0.00022477400489151478,0.0001294951798627153,0.9144766926765442
MT-CONAN,This is not true: Muslims are a very important part of our society. They are our neighbours and our friends.,0.005139718297868967,0.0004885011585429311,0.000359686731826514,0.8804516792297363
MT-CONAN,You have a very limited concept of what 'free' means!,0.0008367191185243428,0.0001813762355595827,0.00011549212649697438,0.8756827116012573
MT-CONAN,Mental illnesses and homosexuality are not related. What evidence do you have for this?,0.21041466295719147,0.006401682738214731,0.0014511178014799953,0.5166592597961426
MT-CONAN,I would suggest reading the Universal Declaration of Human Rights to get a better idea about how the existence of all kinds of people from all backgrounds and beliefs must be respected.,0.0005389695288613439,0.0001805672945920378,0.0001545454142615199,0.9237304925918579
MT-CONAN,"I think it is important to understand that there are different types of racism, some are based on historical or racial discrimination, while some are about individual differences. For me, the real issue is about racism in general. And your claim reminds me of that.",0.0014052744954824448,0.00019610990420915186,0.00011789592099376023,0.706028401851654
MT-CONAN,"In modern day Western world we have homeless people, children being abused, guns and drugs, abortion and poverty. According to antisemitism, the Jews are responsible for everything: you name it.",0.23674771189689636,0.01706269383430481,0.004154243040829897,0.5460874438285828
MT-CONAN,"Not only they steal our jobs, they are also the major cause of air pollution in our country, of deforestation in the Amazon, of the locust plague in Africa... and of the forthcoming alien invasion!!!",0.03921348974108696,0.0009955192217603326,0.0004419460310600698,0.5274267792701721
MT-CONAN,"If they respect the rules of civil coexistence, then there is no reason to think that they are a disgrace.",0.05646449699997902,0.0026905827689915895,0.00027719562058337033,0.5374150276184082
MT-CONAN,For the most part they are Italian citizens and are entitled to a home,0.0007991996826604009,0.00018720208026934415,0.00012639332271646708,0.9178395867347717
MT-CONAN,"Being fat is not a crime, but targeting them is.",0.2056921124458313,0.013955054804682732,0.00037162131047807634,0.5013893246650696
MT-CONAN,"You can find outdated teaching in all major religions but it doesn't mean most people follow those parts, a similar example from Christianity: Ephesians 5:22, ""Wives, submit to you husbands as to the Lord""",0.00945067498832941,0.0004664568405132741,0.00016647600568830967,0.851207971572876
MT-CONAN,I don't think that what you are saying is true. I think that the idea that Muslims are incompatible with Western society is a myth.,0.0038360734470188618,0.00029115346842445433,0.00015658291522413492,0.6651632785797119
MT-CONAN,"That is not true, the percentage of Jews in the U.S. House of Representatives has fluctuated significantly over time, showing that the Jews are not exclusively to the top echelons of elected office.",0.029177874326705933,0.0029716682620346546,0.0008200184674933553,0.835763692855835
MT-CONAN,"Muslims, in my opinion, do not want to take over our country. They are only here as guest workers.",0.09417170286178589,0.004336454905569553,0.0028920345939695835,0.7115477323532104
MT-CONAN,"There is no evidence that Islam is a religion of violence, and people can be violent even without any knowledge of Islam.",0.03259650245308876,0.0009657402406446636,0.0005854054470546544,0.6025609374046326
MT-CONAN,"Feminists are often accused of being 'naive', however I have seen several instances where feminists have used their ideas to tackle complex and powerful social and economic issues.",0.001597276539541781,0.00021022958389949054,0.0001020809868350625,0.8257163166999817
MT-CONAN,"People who vote for parties which target the most powerful are often mostly concerned about making it financially until the next month. Redistributing wealth from people who have way too much money seems fair, not threatening.",0.0006741079851053655,0.00018064236792270094,0.00013014346768613905,0.8478644490242004
MT-CONAN,"Age, Race, and Gender are categories that take precedence over Homosexuality. This is since such categories include both homosexual & heterosexual individuals; and are therefore higher risk categories than Homosexuality alone...",0.09946022182703018,0.003402772592380643,0.0008897208608686924,0.5230408906936646
MT-CONAN,"International protection is not only recognized in the case of conflicts, but also violence, discrimination and other serious threats to life and liberty.",0.0009180544293485582,0.00017781852511689067,0.00014570534403901547,0.7024375796318054
MT-CONAN,"Some people choose to live here based on the fact that they have never lived in a safe country. You would do the same, wouldn't you?",0.0012294878251850605,0.00021251682483125478,0.00012440340651664883,0.9289835095405579
MT-CONAN,The phenomenon is very complex and the data must be read carefully: most of the violence against women occurs in the home and goes unreported,0.0031317719258368015,0.00023136325762607157,0.0001232289068866521,0.6572272181510925
MT-CONAN,They can’t get council housing and are not even allowed to work. They get just £35 per week to pay for food and all other expenses.,0.0045213825069367886,0.000395692273741588,0.00014183606253936887,0.8054448366165161
MT-CONAN,"You can't say that a religion is an ideology, an opinion, or a degenerated interpretation of something. What would you think if somebody said so about your religion?",0.0009175277082249522,0.0001847369858296588,0.00011345032544340938,0.644192636013031
MT-CONAN,"Before donating, patients should fill-in a questionnaire where they are asked about their sexuality. If this is considered pertinent information and the patient is taken at their word about being homosexual, then equally the patient can be trusted about the declared sexual history, making sexuality irrelevant.",0.008675666525959969,0.00048477170639671385,0.0001979194494197145,0.540431797504425
MT-CONAN,"Muslims have been part of our country since its beginning, they have helped in building our society. They are our brothers and sisters. To suggest that Muslims are a problem is just not credible.",0.01952013373374939,0.0020672667305916548,0.0008853618637658656,0.838621973991394
MT-CONAN,"Let's face it: the drug trade is full of criminals and crooks, it does not depend on the skin tone of people.",0.10359591245651245,0.0036610011011362076,0.0006447923369705677,0.6819213032722473
MT-CONAN,You won't you agree that women are human beings with full human rights then?,0.08725065737962723,0.0025948453694581985,0.0006132342386990786,0.7580401301383972
MT-CONAN,"I have never heard of any evidence that suggests that women are no longer treated as second class citizens. Of course the situation has improved, but there still is a lot of discrimination against them.",0.004277579020708799,0.0004194758948870003,0.00012530095409601927,0.7416011691093445
MT-CONAN,Who are you to tell others what they can or cannot do with their own body?,0.004064335487782955,0.00028698702226392925,0.00014634279068559408,0.7536172866821289
MT-CONAN,It is a myth that blacks are cruel and wanton. There are more cruel people of all skin color out there than just the few black you are worried about.,0.6684774160385132,0.1159471794962883,0.0055376458913087845,0.6534770727157593
MT-CONAN,"If we are interested in human rights, we have a lot in common with feminism, as I see it. For example, we all have a duty to care for our fellow humans, regardless of gender.",0.0006277885404415429,0.00017322423809673637,0.00012858770787715912,0.8498646020889282
MT-CONAN,Are you really saying that a person's ability to work is the issue here? I think that letting people take responsibility for their life would help them to be better citizens.,0.0006459705182351172,0.00018937583081424236,0.00014397456834558398,0.899387001991272
MT-CONAN,We should really avoid any comparison between animals and humans and would be better if there were no discrimination at all. Homosexual people aren't a danger to children.,0.3260696232318878,0.01889151893556118,0.0030765002593398094,0.540968120098114
MT-CONAN,This has less to do with maternity and is more about the negative attitude of the person throwing the insult.,0.002323158085346222,0.00023098985548131168,9.660666546551511e-05,0.5685296058654785
MT-CONAN,If a child knows some gay people from a very early age nothing strange will happening. The idea that they can be harmed and their lives and sexual orientation are in danger is completely false.,0.22058124840259552,0.011348855681717396,0.002200077520683408,0.5570160746574402
MT-CONAN,Gays are not 'publicly condoning sexual violence' and gay men deserve the same protection as all people.,0.7121856212615967,0.040726687759160995,0.009634926915168762,0.5535738468170166
MT-CONAN,"I don't think it is ""for no reason"": women make up about half of the world's population, and even if the gender gap in labor force is getting smaller, there are still blatant cases in which women are discriminated against. For example they make up only around 20% of university professors in UK.",0.011033018119633198,0.0007741787121631205,0.00020649000362027436,0.7149121761322021
MT-CONAN,Evidence?,0.0007248962065204978,0.00017847708659246564,0.00010531752923270687,0.831119179725647
MT-CONAN,So their faith and belief in the teachings of God guides them to a virtuous path of public service. What exactly are you complaining about?,0.0007628367166034877,0.00018157764861825854,0.00013007671805098653,0.9460355639457703
MT-CONAN,"How can you be sure they control the world? Maybe there are some influential Jews in the world, but how does that coincide with 'controlling the world'?",0.03853108361363411,0.0022326121106743813,0.0008942593703977764,0.8936606049537659
MT-CONAN,"Islam is a religion of peace and tolerance. To be terrorist does not necessarily correspond with being Muslim, ask the RIA.",0.007656401954591274,0.0004026642709504813,0.00022507402172777802,0.6908934116363525
MT-CONAN,"For all the people who think women are brainwashed: they aren't brainwashed, they just happen to be oppressed in our society.",0.3773525059223175,0.02219025418162346,0.0016268077306449413,0.6971757411956787
MT-CONAN,"Most of them are not exploiting our country, most of them are just trying to have a better life.",0.0018637396860867739,0.0003181308275088668,0.0001287020422751084,0.7451159954071045
MT-CONAN,Silliness is not a bad thing if you know how to present it with a sense of humor. But this seems like nonsense to stir the pot with racist narrative.,0.02571992762386799,0.001018086215481162,0.00017546025628689677,0.5410689115524292
MT-CONAN,"Imagine a person who cannot have children because of an illness, would you really want to deprive her of the joy of having one via surrogate pregnancy?",0.0012840053532272577,0.00021793348423670977,0.0001239240082213655,0.7389997243881226
MT-CONAN,"Dear friend, first of all, sharia law and Islam are not extreme. Sharia law is guidance for the goal of leading humanity close to God and to live in kindness and justice with God's creation. Second of all, jihad, based on the concept of Muslim, means struggle for the advancement of oneself within the guidelines of Islam. All these reveal that Islam is a peaceful religion.",0.0008947759051807225,0.0001697310508461669,0.00013099306670483202,0.8842669129371643
MT-CONAN,Stealing is more about poverty than ethnicity.,0.00710595678538084,0.00036092070513404906,0.00013438657333608717,0.6406566500663757
MT-CONAN,"Women are people, and people are human. Being oppressed is not an choice. You may think it's a badge of honour to be called a man, but it should not be a badge of shame to be called woman.",0.10090241581201553,0.004245792515575886,0.0007881468627601862,0.5569034814834595
MT-CONAN,"This is just a lie: some media deliberately spreads this nonsense slut-shaming, with the result of only inciting hatred against the women who are raped.",0.9398029446601868,0.4569081962108612,0.0061749909073114395,0.7846380472183228
MT-CONAN,Really? I thought it was due to the salaries of the players... But of course it's the same old Jewish conspiracies fault.,0.0038867006078362465,0.00031807139748707414,0.00013333633251022547,0.7278155088424683
MT-CONAN,"As Islam teaches love and peace, it is not about killing and raping.",0.29378870129585266,0.007510133553296328,0.018242863938212395,0.5283427834510803
MT-CONAN,I am tired of seeing women being treated as sex objects. It's about time that women are given the respect they deserve.,0.27915483713150024,0.008064158260822296,0.0011113134678453207,0.62596195936203
MT-CONAN,"Feminism is the political ideology that seeks to achieve equality and social justice by improving the lot of women, by advocating for the equal rights of all members of society. Not bad, uh?",0.001320617855526507,0.00018948908837046474,0.00010673732322175056,0.8609050512313843
MT-CONAN,Are you sure that it is possible to talk about Europe drowning in migrants? So far I only heard about migrants drowning at sea.,0.0005707687232643366,0.00017733598360791802,0.00013351571396924555,0.776691734790802
MT-CONAN,"Not all Muslims are motivated by extremism. The problem is a lack of integration, and your words don't encourage it.",0.017508113756775856,0.0007383659249171615,0.0003647551639005542,0.7468857169151306
MT-CONAN,"Muslims are an essential part of our country, and we have to give them the freedom to worship their religion. We are proud of our open society.",0.020052824169397354,0.0014348747208714485,0.0011109684128314257,0.8850665092468262
MT-CONAN,This claim is a false cause and effect relation. A person's genes do not have any influence over any spurious predisposition' to commit crime.,0.0008313606376759708,0.00018638012988958508,0.00011934794747503474,0.6258121728897095
MT-CONAN,Every child has the right to education.,0.00762411393225193,0.00047395526780746877,0.00014270619431044906,0.8878235816955566
MT-CONAN,Most migrants come here to work.,0.0007316895062103868,0.00018613168504089117,0.0001154258570750244,0.8322146534919739
MT-CONAN,"Most Muslims are not terrorists, they are just here to work and provide for their families.",0.13514171540737152,0.006558098364621401,0.0033513789530843496,0.5829155445098877
MT-CONAN,"Accessing mainstream education offers opportunities that would otherwise never be available to people with down syndrome because they can work towards the same qualifications, without the stigma that arises from segregated education.",0.000772991159465164,0.00019383760809432715,0.00012602806964423507,0.866814374923706
MT-CONAN,"The EU has a responsibility to help people fleeing war and poverty, not become preoccupied by which faith they practice.",0.0006511605461128056,0.00016888124810066074,0.00012956855061929673,0.8490192890167236
MT-CONAN,The fact is that many of those diagnosed as having 'mental illness' are actually in need of mental healthcare. I can't see how you could say otherwise.,0.008735980838537216,0.0007151060272008181,0.0001851452252594754,0.5738136172294617
MT-CONAN,So you are saying that we should only allow non-religious people into public office?,0.0018575239228084683,0.00021066218323539943,0.00012329459423199296,0.8140190839767456
MT-CONAN,"When we give refugees and asylum seekers the opportunity to work, giving them legal access to the labor market, many of them agree to do works that Italians do not intend to do anymore. Isn't this an advantage for our country?",0.0005198194412514567,0.0001804578205337748,0.00014011061284691095,0.8516502976417542
MT-CONAN,Islam is a religion that was established to be peaceful.Apart from few extremists that remains the case.,0.001144713256508112,0.00018803194689098746,0.00011551118950592354,0.7908497452735901
MT-CONAN,Are brutality and cruelty are much better than softeness and emotions then? If we keep on reasoning like this we will perpetuate socially constructed gender norms which oppress both men and women.,0.007750870659947395,0.0003685910487547517,0.0001817820593714714,0.510004460811615
MT-CONAN,That sounds like quite a violent threat. Should I let the police know about this or?,0.0016859888564795256,0.00020885001868009567,0.00011695903958752751,0.6299801468849182
MT-CONAN,Islam is a religion that has had a huge and positive impact on human history and Western culture. To hate a religion is to hate all religions.,0.2125321477651596,0.0060888235457241535,0.003581692697480321,0.720150351524353
MT-CONAN,The Charlie Hebdo terrorist attacks were not so much the work of a religion as an expression of hatred and intolerance,0.04755115509033203,0.0011628075735643506,0.0007805784116499126,0.5562468767166138
MT-CONAN,"Even if it were true that some people are more prone to believe conspiracy theories, it is still true that we can all benefit from a shared perspective on things. And surely believing in factual evidence does that.",0.0006061511230655015,0.00017704840865917504,0.00013043219223618507,0.8415434956550598
MT-CONAN,"My reasoning is that equality is possible only within a framework of reciprocity and respect. This is something that must be implemented by spotting a light on the disadvantaged first, and this is why it is called feminism.",0.0005431597237475216,0.0001730715302983299,0.00013356054842006415,0.9036474227905273
MT-CONAN,Muslims are part of our society and have contributed to our culture and economy. They are our brothers and sisters.,0.011340026743710041,0.0010630418546497822,0.0005943151190876961,0.8833302855491638
MT-CONAN,It seems that some people have made hatred for Muslims their default response to all types of social injustice.,0.028752144426107407,0.001102214097045362,0.0006417331169359386,0.5587704181671143
MT-CONAN,"That's just a description of a lot of women who are oppressed, don't you agree? I'm not sure you have a point.",0.0015014566015452147,0.0002015893696807325,9.209579002344981e-05,0.7210659384727478
MT-CONAN,Nobody wants to leave their country and meet so many dangers and difficulties unless there are serious reasons.,0.00837906263768673,0.00034600679646246135,0.00025886634830385447,0.8533331751823425
MT-CONAN,Distinguishing either on religion or on race does not relate to national identity.,0.0007075596950016916,0.00018143885245081037,0.00011985248420387506,0.7759941816329956
MT-CONAN,Do you think Muslims are worse than the criminals who commit crimes just because of their religion?,0.13073115050792694,0.004739182069897652,0.001716675003990531,0.6480347514152527
MT-CONAN,Where are the facts?,0.0007830018294043839,0.0001780740567483008,0.00011196600826224312,0.8396307229995728
MT-CONAN,"All women are entitled to be happy and fulfilled, this doesn't need to be proven. Why are you being doubtful about it?",0.015073796734213829,0.000675980350933969,0.0002062603598460555,0.894297182559967
MT-CONAN,It's not going to do you any good to think about a Muslim massacre.,0.38761448860168457,0.011655411683022976,0.01644609309732914,0.5883150100708008
MT-CONAN,"What should be guaranteed are equality and respect for women's rights, not a pandering to the desires of men.",0.0015180273912847042,0.00020575417147483677,0.00011256260040681809,0.6972436308860779
MT-CONAN,"If they were not able to work, and they had no rights, they wouldn't be hired in every field of occupation, and this is a no-brainer logic to grasp.",0.006029343232512474,0.0004073662857990712,0.00010450928675709292,0.8326693773269653
MT-CONAN,"Can you provide some evidence? We have to focus on the prevention of crime, promoting community cohesion and keeping our communities safe. Not on pointing the finger at black people all the time.",0.023288974538445473,0.0014023286057636142,0.0005383056704886258,0.7870104908943176
MT-CONAN,LGBT+ people are just as welcome in heterosexual communities as in other communities. Maybe we should take away discrimination instead.,0.004246766213327646,0.00030344605329446495,0.00017907764413394034,0.6447358727455139
MT-CONAN,"I want women to be strong and independent and able to take up any career they want. If women choose to be submissive to men then that is their choice, but you cannot suggest that being treated this way in spite of their choices is ok.",0.002795588690787554,0.0002716359158512205,0.00014066723815631121,0.7297500967979431
MT-CONAN,You know it's no secret that in our society white people are vastly over represented in high profile positions. The only way to challenge and fix this is by changing our priorities.,0.01201637089252472,0.0007064332021400332,0.00036851459299214184,0.7374746799468994
MT-CONAN,"Sometimes they say the ruling elites are responsible for the economic crisis, then migrants, sometimes people of color. Whatever the real cause,by practicing tolerance and acceptance we are more likley to work together to solve society's problems.",0.0005732400459237397,0.00017791146819945425,0.0001302568125538528,0.7520087957382202
MT-CONAN,"If someone said the same thing about your religion, you might think they were joking. Are you?",0.0011213254183530807,0.00020348362158983946,0.00011055127833969891,0.7807489037513733
MT-CONAN,"Women should be allowed to vote and to have equal rights, as it is stated in the Constitution.",0.042472656816244125,0.001675232546404004,0.0007721076835878193,0.8899136185646057
MT-CONAN,"For me, a person cannot be anything but desperate to face a journey like the one migrants face.",0.0012029942590743303,0.00020310272520873696,0.00012086496280971915,0.8659304976463318
MT-CONAN,"Jews were killed in the gas chambers, we have to remember it in order not to repeat it.",0.15566261112689972,0.0073050386272370815,0.007702423259615898,0.6618067622184753
MT-CONAN,"What do you mean by ""a Christian society""? Are you saying that a Muslim community can't be a part of a Western society?",0.001427956740371883,0.0001945475087268278,0.00012372211494948715,0.8710759878158569
MT-CONAN,"Anyone would steal out of necessity, especially if marginalized, not just the Gypsies.",0.042259976267814636,0.003958124667406082,0.000256507279118523,0.7240318655967712
MT-CONAN,I would be very interested to meet an MP who believes this.,0.0005380848306231201,0.00017516336811240762,0.00015373923815786839,0.9177607893943787
MT-CONAN,They have every interest in sending children to school to offer them a better future.,0.002876302693039179,0.00033804160193540156,0.0001422810455551371,0.920730710029602
MT-CONAN,Do you believe that those who hire a migrant instead of an Italian do it because of an innate goodness or to profit from it?,0.0008071086485870183,0.00018468503549229354,0.00013220816617831588,0.7994606494903564
MT-CONAN,"The way you phrase your concerns is an example of little knowledge of how the world actually works. The question of what should be done with migration flows cannot be answered with a simple ""bang, bang, bang"".",0.0007925927639007568,0.0001788982772268355,0.00012043537572026253,0.8182674050331116
MT-CONAN,Migrants are often victims of discrimination and violence. Immigration is a part of the solution to these problems.,0.0007119708461686969,0.0001794694398995489,0.0001276192779187113,0.6357806324958801
MT-CONAN,How about we work together to find a solution to violent nationalism and racism instead? We can't accept this hate being present in different countries over and over again.,0.015814146026968956,0.0004835657309740782,0.0004881352942902595,0.6390378475189209
MT-CONAN,"Being gay is not an illness, nor a disorder, nor a mental disorder. This is just a lack of awareness.",0.31475889682769775,0.010384329594671726,0.001793819130398333,0.6956746578216553
MT-CONAN,Migrants are only a problem if we see them as such. They are instead of great value if considered just as other human beings.,0.0009698083158582449,0.0001915611355798319,0.00011529582843650132,0.7750776410102844
MT-CONAN,Are you really saying that homosexuality is a disease?,0.4611392915248871,0.018082747235894203,0.0021774284541606903,0.6300152540206909
MT-CONAN,"The idea that LGBT+ people are promiscuous is just false. Most of the time, they are just as attracted to other people as anyone else.",0.0031407885253429413,0.00025686435401439667,0.00013087420666124672,0.5811499357223511
MT-CONAN,"Ethnic minorities are much safer in societies where cultural pluralism is accepted, and this is a fact [link].",0.0014213515678420663,0.0002107658510794863,0.00013637272058986127,0.8675569891929626
MT-CONAN,"I have no idea what you are talking about. What you are saying is that all the immigrants in the US are a danger to society, which seems a little exaggerated...",0.0008272194536402822,0.00017733631830196828,0.0001164597924798727,0.6459937691688538
MT-CONAN,Women are much more likely to have unprotected sex than homosexual and heterosexual men combined. [https://ifstudies.org/blog/promiscuous-america-smart-secular-and-somewhat-less-happy],0.38739606738090515,0.0195662509649992,0.0023943970445543528,0.5026283860206604
MT-CONAN,"The suggestion that women are subhuman is completely without foundation, and a complete distortion of the whole issue.",0.1353280246257782,0.006231976207345724,0.0006456308183260262,0.5430144667625427
MT-CONAN,"If you want to isolate someone then there is only one ""high-risk group"" to focus on. It is made of all those who have frequent unprotected sex with different partners. Being gay does not make you a part of this by default.",0.3339972496032715,0.017553431913256645,0.0015077184652909636,0.5678404569625854
MT-CONAN,The Koran is a book of rules for faith and spiritual guidance which is understood and accepted.,0.0006871068617329001,0.00017496055806986988,0.00012772422633133829,0.9087819457054138
MT-CONAN,At least they are well aware of the negative effects of unjust discrimination on them and on people with other disabilities.,0.0008606947958469391,0.00019655449432320893,0.00012674355821218342,0.7363411784172058
MT-CONAN,So you are saying that being 'foreign' is the equivalent of disliking Europeans?,0.0013768236385658383,0.00020457243954297155,0.00010055384336737916,0.743632435798645
MT-CONAN,We should understand that different skin colors are a part of the human condition. We have the right not to be friends with anyone but we must be just and take into account each person.,0.0005764191737398505,0.00018224910309072584,0.00014562006981577724,0.8803109526634216
MT-CONAN,"In addition to providing labour and contributing to the local economy, migrants are often employing people who were previously on the dole.",0.0007837117300368845,0.00020589037740137428,0.00012006157339783385,0.8452895879745483
MT-CONAN,Does this mean they have no identity or no value at all?,0.0010029819095507264,0.00018944265320897102,0.00010781202581711113,0.814323365688324
MT-CONAN,Why do I have to read this hatred? It's not okay to say such things based on stereotypes.,0.011137636378407478,0.0004216516390442848,0.00017878915241453797,0.6474291682243347
MT-CONAN,Most immigrants coming to our country work hard to take care of their families. Many studies have shown that immigrants tend to pay more in taxes than they receive in benefits. This means that the taxes they pay cover the cost of things like public education and healthcare of others.,0.0007621799013577402,0.0002459165989421308,0.00018115827697329223,0.8384032845497131
MT-CONAN,"Being perceived as overweight is already one of the major reasons people get bullied, and in the end it makes no difference if the bullied person loses weight.",0.05759352073073387,0.0035445084795355797,0.0002054973301710561,0.6406210064888
MT-CONAN,Terrorism is always a threat. Why do you think that Muslims want to kill us? They aren't all terrorists.,0.5898343324661255,0.02814922295510769,0.034495919942855835,0.5712760090827942
MT-CONAN,"The stereotype that gay people are inherently bad for society is sometimes perpetuated by the media, but is not backed up by scientific studies.",0.0682135596871376,0.0037498092278838158,0.0008447631262242794,0.5075638294219971
