URL,cluster,Group,is_treatment
https://x.com/100_strim14410/status/1996123651893006802,0,Treatment,1
https://x.com/1841960akis/status/1999099887221084430,0,Control,0
https://x.com/1841960akis/status/1999100695257952301,0,Treatment,1
https://x.com/1MikeFairclough/status/2003083991738421562,0,Treatment,1
https://x.com/2cnlkh68/status/2005124609579090113,0,Control,0
https://x.com/4Anstey/status/2005220254763635082,0,Control,0
https://x.com/561cdc/status/1997549581769511113,2,Control,0
https://x.com/5990HSD/status/2000502761490882911,2,Treatment,1
https://x.com/6MrGregory/status/1997611868651983118,0,Treatment,1
https://x.com/88_Web3_ROBBIE/status/2003406173018771923,0,Treatment,1
https://x.com/A1BBQSauce/status/2002947202868711525,2,Treatment,1
https://x.com/ABridgen/status/1997614452833739074,0,Control,0
https://x.com/AJOPersonal/status/1997900815726502012,0,Control,0
https://x.com/AJOPersonal/status/2002609603096281445,2,Treatment,1
https://x.com/ALateralis/status/2008096714255650931,2,Treatment,1
https://x.com/ANT159694954/status/1996170150890950894,0,Treatment,1
https://x.com/ANT159694954/status/2001649441544245258,2,Treatment,1
https://x.com/AShelley73948/status/1995802876552032463,0,Control,0
https://x.com/AShelley73948/status/1995803953309552900,0,Treatment,1
https://x.com/AbdalQaim/status/2003360082193731896,2,Treatment,1
https://x.com/Abhi_is_great/status/2000546077808996795,0,Treatment,1
https://x.com/Abhi_is_great/status/2001225766575718573,0,Control,0
https://x.com/Abhinav131426/status/2005946412538736704,0,Treatment,1
https://x.com/Abraham02782754/status/2002591400475623839,2,Control,0
https://x.com/Abraham02782754/status/2005261340638937363,2,Treatment,1
https://x.com/AceBlitzz/status/1996123580485038482,2,Control,0
https://x.com/AdinBuck/status/2000543986180866106,0,Treatment,1
https://x.com/Agent_00PL/status/2001275819306459530,0,Control,0
https://x.com/AlPriest420/status/2001644826572550459,2,Control,0
https://x.com/AleksanderDroz4/status/1995770324319707213,0,Control,0
https://x.com/AlexGeo82372439/status/2008462736141750746,2,Treatment,1
https://x.com/AlexMalejewicz/status/2006285637662732603,0,Control,0
https://x.com/Alex_Oloyede2/status/2000183428495614156,1,Control,0
https://x.com/AlexanderTheNo7/status/2000518709140488281,2,Treatment,1
https://x.com/Alfreddezayas/status/2000881367513530800,0,Treatment,1
https://x.com/AlternatNews/status/2000880358938874123,0,Control,0
https://x.com/AmicusCuri99068/status/2000563051784007822,1,Control,0
https://x.com/Amstel66/status/2005877740390555840,2,Treatment,1
https://x.com/An89390Anglo/status/2003084708264198629,2,Treatment,1
https://x.com/An89390Anglo/status/2003407491854664097,0,Control,0
https://x.com/Andjela_Sipovac/status/1997986635401826640,1,Control,0
https://x.com/Andjela_Sipovac/status/2001242216686121423,0,Control,0
https://x.com/Andjela_Sipovac/status/2001268642315726852,2,Control,0
https://x.com/Andjela_Sipovac/status/2004153292319072567,0,Control,0
https://x.com/Andjela_Sipovac/status/2004188502242582811,0,Treatment,1
https://x.com/Andjela_Sipovac/status/2005227901445341261,0,Treatment,1
https://x.com/AndrewinH70355/status/2008159776317100102,0,Control,0
https://x.com/AndyInLondon1/status/2002639903138693305,0,Control,0
https://x.com/Andy_____K/status/2012836905402933579,0,Treatment,1
https://x.com/AngelovJullian/status/2005267294373716010,0,Treatment,1
https://x.com/AnitaGriff38352/status/1997996733406552348,0,Treatment,1
https://x.com/Annalussenburg/status/2006271707061903674,0,Treatment,1
https://x.com/AnneSmi06829573/status/2000881455321268252,0,Treatment,1
https://x.com/AnneSmi06829573/status/2001624908011573659,0,Control,0
https://x.com/Annibanner/status/2002731750456475712,0,Treatment,1
https://x.com/AnnieGlen11/status/1998347782692769874,0,Treatment,1
https://x.com/AnnieGlen11/status/1998361103555084713,2,Treatment,1
https://x.com/AnnieGlen11/status/1998361624957329602,2,Control,0
https://x.com/AnteMamic82/status/1996125101461307546,0,Treatment,1
https://x.com/ApexPredatonDCT/status/2000199932347650530,0,Treatment,1
https://x.com/ApexPredatonDCT/status/2000201491408155046,0,Control,0
https://x.com/Archer83Able/status/1996216601742336180,0,Treatment,1
https://x.com/Archer83Able/status/2000871773357695094,0,Control,0
https://x.com/ArendBols/status/2003801929684750613,2,Treatment,1
https://x.com/ArmanAmany/status/2003465622244721015,0,Control,0
https://x.com/ArroTheFoxInAm/status/1997667413219844512,0,Control,0
https://x.com/Assyrian2/status/1995817041744236638,0,Treatment,1
https://x.com/AsterismVaibhav/status/1997549828646322537,2,Control,0
https://x.com/AtillaHunor/status/2006592392040976581,2,Treatment,1
https://x.com/Autodidact100/status/2008171637146104145,0,Treatment,1
https://x.com/AvinashKS14/status/2001163317017239880,0,Control,0
https://x.com/AvinashKS14/status/2005990977954275716,0,Control,0
https://x.com/AvivitGirl/status/1996195166835945553,0,Control,0
https://x.com/BCohones62955/status/2006216035037286585,0,Treatment,1
https://x.com/BDooher/status/1996188388949475476,2,Treatment,1
https://x.com/BDooher/status/2000930278336794674,0,Control,0
https://x.com/BPetrovchich/status/2006605950619365526,0,Control,0
https://x.com/BPetrovchich/status/2006607273620365772,0,Treatment,1
https://x.com/BPetrovchich/status/2006607446337605781,0,Control,0
https://x.com/BPetrovchich/status/2006607715360288800,0,Control,0
https://x.com/BPetrovchich/status/2006608093703209081,0,Treatment,1
https://x.com/BPetrovchich/status/2006608251169993149,0,Control,0
https://x.com/BPetrovchich/status/2006608512269590822,0,Treatment,1
https://x.com/BPetrovchich/status/2006608702456152220,0,Treatment,1
https://x.com/BPetrovchich/status/2006609006207578399,0,Treatment,1
https://x.com/BPetrovchich/status/2006609570945445948,0,Control,0
https://x.com/BPetrovchich/status/2006610356706435344,0,Control,0
https://x.com/BacinschiM666/status/2000771219046674756,0,Control,0
https://x.com/BannedLatino/status/2005913614822129799,2,Control,0
https://x.com/BarkerLuke77/status/2011749836199223795,2,Control,0
https://x.com/BartBlake11/status/2003421082674728973,0,Control,0
https://x.com/BartDePalma/status/1997995184924062048,0,Control,0
https://x.com/BartDePalma/status/1997995575900270928,0,Treatment,1
https://x.com/Bartholomewster/status/2005270119854080293,0,Control,0
https://x.com/BeateLandefeld/status/1997601071833678251,0,Treatment,1
https://x.com/BeateLandefeld/status/1997617998472040801,0,Treatment,1
https://x.com/Bellawoodburny1/status/1998366232085684443,0,Control,0
https://x.com/BennyLottaz/status/1998658431251829026,1,Control,0
https://x.com/BennyLottaz/status/1999109221275816295,2,Treatment,1
https://x.com/BernieG95778509/status/2001236092205588508,2,Treatment,1
https://x.com/BernieG95778509/status/2001238554874109981,1,Treatment,1
https://x.com/BernieG95778509/status/2002678914016047138,1,Treatment,1
https://x.com/Best_Fisher/status/1995815067867025411,2,Treatment,1
https://x.com/Best_Fisher/status/1995815164415807913,0,Control,0
https://x.com/Best_Fisher/status/1995824382141161494,0,Control,0
https://x.com/BhavikaKapoor5/status/1998024657996566868,0,Control,0
https://x.com/BigTobes1/status/2012851504424607844,0,Control,0
https://x.com/BigTobes1/status/2012866624043237396,2,Control,0
https://x.com/Bijke1953/status/1996574656942211563,0,Control,0
https://x.com/BillDunblane/status/2000165078981808365,0,Control,0
https://x.com/Bill_Owen/status/2012878396536041693,2,Treatment,1
https://x.com/Bjklark/status/1998296022087504112,0,Control,0
https://x.com/BlackDouglas/status/2008735842685382660,2,Treatment,1
https://x.com/BlackTempar/status/2005985007391973803,0,Control,0
https://x.com/Blacktuskprod/status/1998599692217889147,0,Control,0
https://x.com/BobD187/status/2002729559532429810,0,Control,0
https://x.com/BoetSchouwink/status/1997620057187492188,0,Treatment,1
https://x.com/BooBooKittyCan/status/1996569621005033560,1,Treatment,1
https://x.com/BorisNChuryk/status/1997622294253044005,2,Treatment,1
https://x.com/BowesChay/status/1996173251999928821,0,Treatment,1
https://x.com/BowesChay/status/2000863054091968849,0,Treatment,1
https://x.com/BowlerBarrister/status/2012782791780692259,0,Treatment,1
https://x.com/BrendanWLong/status/2001251358742073487,2,Control,0
https://x.com/Brian485464940/status/1998366449858228464,0,Treatment,1
https://x.com/BrianLee1928112/status/1997975026335641600,0,Treatment,1
https://x.com/Brigadier_S6/status/1998753205283655720,0,Treatment,1
https://x.com/BrosManney/status/1997980792350285875,2,Control,0
https://x.com/Bubbaflaco/status/1997873961896460432,0,Treatment,1
https://x.com/Bubbaflaco/status/1998738251033571640,2,Treatment,1
https://x.com/BulgarianStoic/status/2000111983325229543,2,Treatment,1
https://x.com/CARTOONISThugo/status/2000883925124624883,2,Treatment,1
https://x.com/CGTNEurope/status/2005931469340909622,0,Control,0
https://x.com/COLScottTaylor/status/1998389352410320999,0,Treatment,1
https://x.com/COPPICE2066/status/2001230542293938244,2,Control,0
https://x.com/CSabatzki/status/2003411943801983483,0,Treatment,1
https://x.com/CaledoniaLad/status/2000466026031382639,0,Treatment,1
https://x.com/CannConActual/status/2005148455891828902,0,Treatment,1
https://x.com/CapersQ/status/1998285466274021751,2,Treatment,1
https://x.com/CarlAFez/status/1998677288980824322,0,Treatment,1
https://x.com/CarlAFez/status/1999040002076872914,0,Control,0
https://x.com/Ccat2025/status/1996580091300806927,0,Treatment,1
https://x.com/CdeNMaswerasei/status/2012811993384722527,2,Treatment,1
https://x.com/CforCD/status/1998706066373361843,0,Control,0
https://x.com/ChannySaako/status/2002631408981061919,0,Control,0
https://x.com/ChannySaako/status/2002635097150009789,0,Treatment,1
https://x.com/ChaunceyHallOnX/status/1998613309675753635,0,Control,0
https://x.com/ChrisCoetz24345/status/2000779076387196989,0,Treatment,1
https://x.com/ChrisHo03515950/status/2000871267134574983,0,Control,0
https://x.com/ChrisHo03515950/status/2000877440789270937,0,Treatment,1
https://x.com/ChrisHo03515950/status/2001180794513928355,0,Control,0
https://x.com/ChrisKotze19/status/1998706408590815709,0,Treatment,1
https://x.com/Chris_Somewhere/status/2005974767980142758,2,Treatment,1
https://x.com/Chris_Somewhere/status/2006210491325055349,0,Treatment,1
https://x.com/ChristianPetak/status/2005953803283992618,0,Treatment,1
https://x.com/ChrliesWarchest/status/2000910806590910947,2,Treatment,1
https://x.com/CltNc13/status/2005269430755004614,1,Control,0
https://x.com/ComfortEagle1/status/2000200152213057957,2,Control,0
https://x.com/ConciousLabRat/status/2000502257813520480,0,Treatment,1
https://x.com/ConservTreeHggr/status/2000434410441814332,0,Control,0
https://x.com/ContrarianOwl/status/2011768022403281368,0,Treatment,1
https://x.com/Cuber_tron/status/1997955331561820196,0,Treatment,1
https://x.com/Cuber_tron/status/1998277107143836088,0,Control,0
https://x.com/Cuber_tron/status/2000547361005752608,0,Control,0
https://x.com/Cuber_tron/status/2001181315865927726,1,Control,0
https://x.com/Cuber_tron/status/2001187089182806426,2,Control,0
https://x.com/Cuber_tron/status/2001200702199136647,0,Treatment,1
https://x.com/Cuber_tron/status/2006237840737276178,0,Treatment,1
https://x.com/Cuber_tron/status/2008116305061437811,0,Control,0
https://x.com/Cully186/status/2000154719600423153,0,Treatment,1
https://x.com/Cybertrckr/status/2008125304917950927,2,Control,0
https://x.com/CyrilBonhomme/status/2000545506267664865,1,Treatment,1
https://x.com/DE44797/status/1996165852530672079,0,Control,0
https://x.com/DLMitchell3/status/1995761476892590484,0,Control,0
https://x.com/DMRuth4/status/1996202243981492225,2,Treatment,1
https://x.com/DPrabhata/status/2003384219322736838,2,Treatment,1
https://x.com/DPrabhata/status/2008792664054132768,2,Control,0
https://x.com/DRDunderdale/status/1996574669583913136,2,Treatment,1
https://x.com/DStateRespTeam/status/2002965605146907015,0,Control,0
https://x.com/DaRealBease/status/2005269437948350843,2,Control,0
https://x.com/DanielLantigua/status/2002594776496169332,0,Control,0
https://x.com/DannyMagohe/status/2009234655183294706,2,Treatment,1
https://x.com/DannyMagohe/status/2009240572700291512,0,Control,0
https://x.com/Darmashkian/status/1999062677071745472,0,Treatment,1
https://x.com/DarrylK22404230/status/2000434566905864631,2,Control,0
https://x.com/Darthmirror/status/2001558912701755860,0,Control,0
https://x.com/DavidCheungGuy/status/1998017036648174037,0,Treatment,1
https://x.com/DavidJayJordan/status/2008448269186462024,2,Control,0
https://x.com/DavidKNC77/status/2001651652038701243,0,Treatment,1
https://x.com/DavidKe66584564/status/1995751340589666726,0,Control,0
https://x.com/DavidMitchel11/status/1996555531847344609,0,Control,0
https://x.com/DavidMitchel11/status/1998972266022121773,2,Treatment,1
https://x.com/DavidMitchel11/status/2010313411473846289,1,Control,0
https://x.com/DavidMitchel11/status/2010710053444366507,2,Treatment,1
https://x.com/DavidWall_/status/1996519782263210150,0,Treatment,1
https://x.com/DavidWall_/status/1996520004905284090,2,Control,0
https://x.com/DavidWall_/status/1996520592116158945,0,Control,0
https://x.com/DavidWall_/status/1996520854230876167,0,Treatment,1
https://x.com/DavidWall_/status/1996520949508690135,0,Control,0
https://x.com/DavidWall_/status/1996525529239839080,0,Control,0
https://x.com/DavidWall_/status/1996526192048951443,0,Treatment,1
https://x.com/DavidWall_/status/1996526246155403449,0,Treatment,1
https://x.com/DavidWall_/status/1996527067358167497,0,Treatment,1
https://x.com/DavidWall_/status/1996528913246302702,2,Control,0
https://x.com/DavidWall_/status/1996529125146632387,0,Treatment,1
https://x.com/DavidWall_/status/1996529405464609014,0,Control,0
https://x.com/DavidWall_/status/1996529607395168560,0,Control,0
https://x.com/DavidWall_/status/1996529693567197669,0,Treatment,1
https://x.com/DavidWall_/status/1996529893933220103,0,Treatment,1
https://x.com/DavidWall_/status/1996530511661998432,0,Control,0
https://x.com/DavidWall_/status/1996530906861850926,0,Control,0
https://x.com/DavidWall_/status/1996531135971541245,2,Control,0
https://x.com/DavidWall_/status/1996531695428784201,0,Treatment,1
https://x.com/DavidWall_/status/1996531914585596078,0,Treatment,1
https://x.com/DavidWall_/status/1996532533144571991,0,Control,0
https://x.com/DavidWall_/status/1998999116156743828,0,Treatment,1
https://x.com/DavidWall_/status/1999033988980089299,2,Treatment,1
https://x.com/DavidWall_/status/2008534959124795635,0,Control,0
https://x.com/DavidWall_/status/2008535013910822988,0,Treatment,1
https://x.com/DawnLennon14/status/1996478076012855509,0,Control,0
https://x.com/DawnLouise26944/status/1998026180197556436,0,Treatment,1
https://x.com/DebankNow/status/2008527877428703736,0,Treatment,1
https://x.com/Debater63/status/1998338758966427764,0,Control,0
https://x.com/Debater63/status/2002647475153404211,0,Treatment,1
https://x.com/Dee24163534/status/1998653098705789220,0,Control,0
https://x.com/DefenceNewsOfIN/status/2001291012334063890,0,Treatment,1
https://x.com/DeplorabusM/status/1995777944841507034,0,Treatment,1
https://x.com/DianaReadM/status/1997942398673146193,2,Treatment,1
https://x.com/DickMackintosh/status/2003073243520057554,2,Treatment,1
https://x.com/DickMackintosh/status/2003073627781292497,2,Control,0
https://x.com/DickMackintosh/status/2003073976659222645,0,Control,0
https://x.com/DickMackintosh/status/2003074600566227327,2,Treatment,1
https://x.com/DietHeartNews/status/2000204309942706185,0,Control,0
https://x.com/DietHeartNews/status/2002734443681972423,0,Control,0
https://x.com/DietHeartNews/status/2002737400615969127,2,Treatment,1
https://x.com/Doc_aka_Rich/status/2000408815741849948,0,Treatment,1
https://x.com/DogeShop1/status/1997922542162776120,0,Treatment,1
https://x.com/Doncha_Ngo/status/2008029349841379672,0,Control,0
https://x.com/Donna__Twitting/status/1997940102635692511,1,Control,0
https://x.com/Dorfmatratze1/status/2002990802415604211,0,Treatment,1
https://x.com/Dowlphin/status/2003012781440958969,0,Control,0
https://x.com/DowneyRyan/status/1998345614375969170,0,Control,0
https://x.com/DrBonsallBasel/status/1995814422640464059,0,Treatment,1
https://x.com/DrKaricRevenge/status/2000827121195765835,0,Treatment,1
https://x.com/DrNeculai/status/2000771788855239152,0,Treatment,1
https://x.com/DrNeculai/status/2010236167942484227,0,Treatment,1
https://x.com/DrYanagita/status/2002981666554626314,2,Treatment,1
https://x.com/Dragoneyes_001/status/2000828171558773010,1,Treatment,1
https://x.com/DrewGood1971/status/1997575513423135004,0,Treatment,1
https://x.com/Drumhailer/status/2005172256738345128,0,Treatment,1
https://x.com/Ducati853b/status/2008389998643474519,1,Treatment,1
https://x.com/DuranFanGermany/status/2000158619120136525,2,Control,0
https://x.com/DustinLath23725/status/2000856139991540050,0,Control,0
https://x.com/DykFlippie/status/2011777843790037045,0,Treatment,1
https://x.com/ELINET19/status/2010612267180757372,2,Control,0
https://x.com/EMHoustonSpeaks/status/2002729170422632528,2,Treatment,1
https://x.com/ESafronow/status/2011640747649614205,2,Treatment,1
https://x.com/ESinnona91398/status/2001286103123267644,0,Treatment,1
https://x.com/EarlJBH/status/2002730527002861802,0,Control,0
https://x.com/Ebay_Itemm/status/2002721174917398969,2,Control,0
https://x.com/EduardoP1308/status/2002733786912768467,0,Treatment,1
https://x.com/Ehdelhii/status/2008517311096066311,0,Control,0
https://x.com/Eire1984/status/1998003264449650846,0,Control,0
https://x.com/ElComrade_Vlad/status/2003331826065244502,0,Control,0
https://x.com/ElbeeBennettt/status/1995754057697255921,2,Treatment,1
https://x.com/Elroyscat/status/2006581718380413003,0,Control,0
https://x.com/EnglishLadYorks/status/2011795548114702611,0,Treatment,1
https://x.com/EpiqVita/status/2003428421402087764,0,Control,0
https://x.com/EskoKauppila/status/1997638401273512423,2,Control,0
https://x.com/EstherD08231206/status/1995800167522476054,0,Control,0
https://x.com/EuroKitco/status/2002598619074179083,1,Control,0
https://x.com/EviePurpleting/status/2011711314960539865,0,Treatment,1
https://x.com/EwartBarrry/status/2001243673384882648,2,Treatment,1
https://x.com/FP_Schmenkel/status/1998009640278184302,2,Treatment,1
https://x.com/FarlaneTeri/status/2000885466376044922,2,Control,0
https://x.com/FashionPearce/status/2005244927169765533,0,Treatment,1
https://x.com/FearnYarrow/status/2001288531251994958,0,Treatment,1
https://x.com/Fedro6548/status/1999113057176314305,0,Treatment,1
https://x.com/Fedup026/status/2000914948180820057,0,Treatment,1
https://x.com/Fedup026/status/2001645438110437703,2,Control,0
https://x.com/Fedup026/status/2001645972708012240,2,Treatment,1
https://x.com/Flick1_/status/2001270011009094133,0,Treatment,1
https://x.com/ForumForThought/status/2006301956579496215,0,Treatment,1
https://x.com/FranceRsistanc1/status/2005234016400900116,0,Treatment,1
https://x.com/Fred02995760902/status/2002679189749784833,2,Control,0
https://x.com/FredMisdom/status/2000531975703281712,0,Treatment,1
https://x.com/FredMisdom/status/2000537797741195651,0,Treatment,1
https://x.com/FredMisdom/status/2001134233147072814,2,Treatment,1
https://x.com/FredMisdom/status/2005960328723447855,1,Control,0
https://x.com/FredMisdom/status/2008132707319152749,0,Treatment,1
https://x.com/FredMisdom/status/2008854338270286100,2,Control,0
https://x.com/FreeMan010170/status/2010676638179066229,1,Control,0
https://x.com/FreeMan010170/status/2010680027499593781,1,Control,0
https://x.com/Freedom34612646/status/2012876008597160086,0,Treatment,1
https://x.com/Frieden11095996/status/2005969059985097058,1,Control,0
https://x.com/Fzed015/status/2010305333252833683,0,Treatment,1
https://x.com/GKRuben/status/2011793025148592225,2,Treatment,1
https://x.com/GL5589118269107/status/1998006406021259704,0,Treatment,1
https://x.com/GNicastia94016/status/1997638220264198653,2,Control,0
https://x.com/GSTP55784/status/2005122746637025341,0,Control,0
https://x.com/GSloveafricar/status/2010667453412704731,0,Control,0
https://x.com/GeneMil18438966/status/1996146298018218432,2,Treatment,1
https://x.com/GeneralFluffyz/status/1998344185519239425,0,Treatment,1
https://x.com/GeoffSmiGlaynax/status/1995819262858981452,0,Treatment,1
https://x.com/GeoffSmiGlaynax/status/2000533454925025555,0,Control,0
https://x.com/George28601554/status/1996200992371851743,1,Treatment,1
https://x.com/George28601554/status/1998019575477334211,1,Control,0
https://x.com/George28601554/status/2002739276350660670,2,Treatment,1
https://x.com/GerContra/status/1995766453622935684,0,Treatment,1
https://x.com/GeromanAT/status/1995759948358185390,0,Treatment,1
https://x.com/GeromanAT/status/1995810304979054676,0,Control,0
https://x.com/GeromanAT/status/2005223178814263710,0,Control,0
https://x.com/GesuDioVivente/status/2001284992396087747,0,Treatment,1
https://x.com/GhandGan/status/2005879616330711368,2,Treatment,1
https://x.com/Ghost_Pilot_MD/status/1998655038663831909,0,Control,0
https://x.com/GilesRocholl/status/2001632644027560041,0,Treatment,1
https://x.com/GinaMos80192718/status/2000791126320857124,0,Treatment,1
https://x.com/Ginzo1989/status/2008525948095021331,0,Control,0
https://x.com/Glenn_Diesen/status/2003365990902444457,0,Treatment,1
https://x.com/GordonJeffGiles/status/1998632483072692729,0,Control,0
https://x.com/GoudasNicholas/status/2002726573255123185,2,Control,0
https://x.com/GregClinker/status/2008804063174160577,2,Treatment,1
https://x.com/GudadzeLevan/status/2000876935568601532,0,Treatment,1
https://x.com/H12373Donald/status/2000177169381958114,0,Control,0
https://x.com/HBMHD1/status/1997953428262146194,0,Control,0
https://x.com/HSkaldebo11196/status/2001269539653161431,2,Control,0
https://x.com/Hans_1966/status/1995758502153736294,0,Control,0
https://x.com/Hans_1966/status/1995777262898061569,0,Control,0
https://x.com/Hans_1966/status/1998335377950564708,0,Control,0
https://x.com/Hans_1966/status/1998640377235193880,0,Control,0
https://x.com/Hans_1966/status/1998701839349317767,0,Control,0
https://x.com/Hans_1966/status/1999021683714224232,0,Control,0
https://x.com/HarJa626/status/2001238135754383701,0,Control,0
https://x.com/HaraldinChina/status/2006252685138485273,0,Control,0
https://x.com/HavryshkoMarta/status/2004166320871399706,0,Control,0
https://x.com/Hawkeye1745/status/2005146024738779365,0,Control,0
https://x.com/Healey2405/status/2000449596351533196,0,Control,0
https://x.com/Heermitt/status/2011701719663841573,0,Control,0
https://x.com/HeertumPetrus/status/1998952142674260458,0,Treatment,1
https://x.com/HelloSunset1692/status/2006231079015883218,1,Treatment,1
https://x.com/Hettiewaynthrop/status/1998309317913854228,0,Treatment,1
https://x.com/HotSpotHotSpot/status/2001282502065836200,0,Control,0
https://x.com/HubertusVenator/status/2003059467840291091,2,Treatment,1
https://x.com/HubertusVenator/status/2003072958408093945,2,Treatment,1
https://x.com/HubertusVenator/status/2010338986657792040,0,Control,0
https://x.com/Huhimagine/status/2000805350291988918,0,Treatment,1
https://x.com/HurriyatEN/status/1998622000743592393,0,Treatment,1
https://x.com/IKnowNada0/status/2006262347497890213,0,Treatment,1
https://x.com/Idontthinksokid/status/2001230585272979490,0,Control,0
https://x.com/IgorMatutinovic/status/2002732348111261993,0,Control,0
https://x.com/Imagine_MK2/status/2003411362073182430,0,Control,0
https://x.com/Info_Defense_En/status/2000853604387971168,2,Treatment,1
https://x.com/IniPatini/status/2001238803974172730,0,Treatment,1
https://x.com/Intelligencer41/status/2002588175903175113,0,Treatment,1
https://x.com/Intelligencer41/status/2002630700693131528,0,Control,0
https://x.com/InvestChar2023/status/2001288158898778240,0,Control,0
https://x.com/IomcLinus/status/1996217723139813642,0,Treatment,1
https://x.com/IrakliUser/status/2006609584576766433,2,Treatment,1
https://x.com/IronyManHQ/status/1998233829866152350,0,Control,0
https://x.com/IsaLecri9106/status/2005880889775939660,0,Control,0
https://x.com/IslanderWORLD/status/2004048668119138548,0,Treatment,1
https://x.com/IssacCody32356/status/1999008589042589778,0,Control,0
https://x.com/JHArnous/status/2004054584076251544,0,Treatment,1
https://x.com/JHaHaLeftHook/status/2000836412242096416,0,Control,0
https://x.com/JJKALE2/status/1996533397624426811,0,Treatment,1
https://x.com/JJolastu84536/status/2003064990794994031,0,Treatment,1
https://x.com/JJolastu84536/status/2005183003442462847,0,Treatment,1
https://x.com/JPM369/status/2011710818711433360,0,Control,0
https://x.com/JS_Mill_Acolyte/status/1996121662312644942,2,Control,0
https://x.com/JS_Mill_Acolyte/status/2003008337982722358,0,Treatment,1
https://x.com/Ja09724729/status/2005197114142536126,0,Control,0
https://x.com/JaapTbm1/status/2000120519199273140,0,Control,0
https://x.com/JacobP32213953/status/2012768265060122910,0,Treatment,1
https://x.com/JamesBradleyCA/status/2009245331754766807,2,Treatment,1
https://x.com/JanszkiRud42778/status/2001184726506184929,1,Treatment,1
https://x.com/JasnicSlobodan/status/1998271638874603746,0,Control,0
https://x.com/JasnicSlobodan/status/2000426925395738960,2,Control,0
https://x.com/JasnicSlobodan/status/2000768536281485742,2,Treatment,1
https://x.com/JasnicSlobodan/status/2003353248980435166,1,Control,0
https://x.com/JasnicSlobodan/status/2003673035635884450,2,Control,0
https://x.com/JasnicSlobodan/status/2004108055819309390,1,Treatment,1
https://x.com/JasnicSlobodan/status/2005267712877203674,2,Control,0
https://x.com/JasnicSlobodan/status/2005908295001808948,2,Treatment,1
https://x.com/JasnicSlobodan/status/2005909205224460387,0,Control,0
https://x.com/JasnicSlobodan/status/2005988740884488507,2,Control,0
https://x.com/JasnicSlobodan/status/2005989284940230919,2,Control,0
https://x.com/JasnicSlobodan/status/2005993330707206602,1,Treatment,1
https://x.com/JasnicSlobodan/status/2005993903854608513,0,Treatment,1
https://x.com/JasnicSlobodan/status/2005994987968950373,1,Control,0
https://x.com/JasnicSlobodan/status/2005995879552147691,1,Control,0
https://x.com/JasnicSlobodan/status/2006351485077196938,0,Treatment,1
https://x.com/JasnicSlobodan/status/2006585148658299187,0,Treatment,1
https://x.com/JasnicSlobodan/status/2008051676297711960,2,Treatment,1
https://x.com/JdDjef/status/1995800067853140331,2,Treatment,1
https://x.com/Jefflee8084Lee/status/1996218089554264392,0,Control,0
https://x.com/JeromeJerome01/status/2004148995216789508,0,Treatment,1
https://x.com/JimThom94025512/status/1998721776566550728,2,Control,0
https://x.com/JimmyfromToledo/status/2001622290061037954,0,Treatment,1
https://x.com/JoeTailor8/status/1997560093450150235,0,Treatment,1
https://x.com/JohPersso/status/2001237913003286658,2,Treatment,1
https://x.com/JohPersso/status/2008113155956670799,0,Control,0
https://x.com/Johan_Scheffer/status/1998012883075215441,0,Control,0
https://x.com/JohnDBravo/status/2008490859747307641,2,Control,0
https://x.com/JohnMMacgregor/status/1999069316545699846,2,Control,0
https://x.com/JohnPaulDetriot/status/1998593388346749069,1,Treatment,1
https://x.com/JohnStauber/status/1996206916280918233,0,Treatment,1
https://x.com/JohnTONKIN14/status/2008756107351847239,2,Control,0
https://x.com/Johnmch02/status/2000882531701588468,2,Treatment,1
https://x.com/JohnnyX666X/status/2001633161521123498,0,Control,0
https://x.com/Jojos467/status/2003720196532437395,0,Control,0
https://x.com/JorgensenFlinke/status/2002940803921162578,0,Control,0
https://x.com/JulesLepo66146/status/2000494272043217074,0,Control,0
https://x.com/JulieBoudicca/status/1998739332086005817,0,Control,0
https://x.com/Junoslav369/status/2008876523726704929,0,Treatment,1
https://x.com/JustAMomOfABoy/status/1998299707488215345,0,Treatment,1
https://x.com/JustJulie1970/status/1996578710145716480,0,Control,0
https://x.com/JustJulie1970/status/1998722568262676533,1,Treatment,1
https://x.com/KDP63806543/status/2005125844591870208,0,Treatment,1
https://x.com/KJ1981ya/status/2006356925638652124,2,Treatment,1
https://x.com/KJanoski50502/status/1999111889117225259,1,Control,0
https://x.com/KarenSquires18/status/1998391903121789107,0,Treatment,1
https://x.com/KarenSquires18/status/2008127448203067681,0,Treatment,1
https://x.com/KateEmerson88/status/1999045806528381250,2,Control,0
https://x.com/Katheri30999098/status/2003092928399581406,0,Treatment,1
https://x.com/Kelly101202A/status/2009261441296044115,0,Treatment,1
https://x.com/KenobiObi69370/status/1999086139224068132,0,Control,0
https://x.com/KentuckyKOT/status/1996467430671942026,0,Treatment,1
https://x.com/KircanskiIvan/status/2000884813692035281,0,Control,0
https://x.com/KircanskiIvan/status/2001591502036730030,0,Treatment,1
https://x.com/KirkZ84926982/status/2002961075160113336,0,Treatment,1
https://x.com/KnowBothSides/status/2008488217709031595,1,Control,0
https://x.com/KobaManitoba/status/1996484737230340529,2,Treatment,1
https://x.com/KobaManitoba/status/1997644415767032157,1,Treatment,1
https://x.com/KobaManitoba/status/1998663348737499367,0,Control,0
https://x.com/KobaManitoba/status/1998717594090852659,0,Control,0
https://x.com/Konservativ98/status/2001193333440323697,0,Control,0
https://x.com/Konstan19440731/status/2002680594950762840,0,Control,0
https://x.com/KuuFFi/status/1996510607038677040,0,Treatment,1
https://x.com/Kwin8675309/status/1995760391779987582,0,Treatment,1
https://x.com/Kwin8675309/status/1998329684849987640,2,Treatment,1
https://x.com/Kyle_Katarn586/status/2000204584724132050,0,Treatment,1
https://x.com/L85739994Martin/status/2006237072357511221,2,Control,0
https://x.com/LOVEROFTRUTHIRL/status/1996127430508249295,0,Control,0
https://x.com/LSHINov/status/2012800421748703713,0,Control,0
https://x.com/LambertHuis2/status/2002687676416401667,0,Treatment,1
https://x.com/LanceSt81774855/status/2002661072336273619,0,Control,0
https://x.com/LanceSt81774855/status/2008172936721805617,0,Control,0
https://x.com/Lancealotin/status/2000850818938044508,0,Control,0
https://x.com/Larry_D0g/status/1995766365224050974,1,Control,0
https://x.com/LarrygHaynes2/status/1998266520250569002,0,Control,0
https://x.com/LarrygHaynes2/status/1998750268456906932,0,Treatment,1
https://x.com/LawrenceMLudlow/status/1996577307016712480,1,Treatment,1
https://x.com/LeftBehindPoet/status/1996156493544964219,2,Control,0
https://x.com/LenoraAntoinet/status/2002944903928795635,0,Treatment,1
https://x.com/LenoraAntoinet/status/2006631549673026046,0,Treatment,1
https://x.com/Lev1446491/status/2005155648137461886,0,Control,0
https://x.com/LibertasMetus/status/2000062278377283732,0,Control,0
https://x.com/Libra_JK/status/1998659283953533394,2,Control,0
https://x.com/LillanSwe/status/1998284683814318455,1,Treatment,1
https://x.com/LippasMatthew/status/2012859184316871020,0,Treatment,1
https://x.com/LivePrayer/status/1998009623417118892,0,Control,0
https://x.com/Lolapirch/status/1996562350003159439,0,Treatment,1
https://x.com/Lolapirch/status/2003767962084532652,0,Treatment,1
https://x.com/Lolapirch/status/2004028740335280509,0,Control,0
https://x.com/Lolapirch/status/2004052928940986501,0,Control,0
https://x.com/Lolapirch/status/2012782042103058866,0,Treatment,1
https://x.com/LoneWolfV_/status/1997977810917269826,2,Treatment,1
https://x.com/LoneWolfV_/status/2005266072778231969,0,Treatment,1
https://x.com/LordBtb/status/1996144666777928024,1,Control,0
https://x.com/LordBtb/status/2000147566843838612,0,Treatment,1
https://x.com/LucyLeMostJuicy/status/1998726057034207240,0,Treatment,1
https://x.com/Lumb7Michael/status/2002729704378483198,0,Treatment,1
https://x.com/LvL99Bard/status/2001571518233690291,1,Control,0
https://x.com/Lyndonx/status/2000157958160712115,2,Control,0
https://x.com/MApodogan/status/1999057556270993735,0,Treatment,1
https://x.com/MCNoBSFinance/status/1996163614529466528,1,Control,0
https://x.com/MFretired/status/1996188630662922451,0,Treatment,1
https://x.com/MIC1923/status/1998303476976353359,0,Control,0
https://x.com/MIC_btc/status/1998706267490234476,2,Treatment,1
https://x.com/MOTP42/status/1997932724460704042,0,Treatment,1
https://x.com/MPumphut/status/2005988752317944244,2,Treatment,1
https://x.com/MSJedits/status/1997608046215024791,0,Control,0
https://x.com/MTokyo8888/status/2005136185812013255,1,Treatment,1
https://x.com/MTokyo8888/status/2011684305215566174,0,Treatment,1
https://x.com/M_59_88/status/2009216927932276779,0,Treatment,1
https://x.com/MacMacclancy/status/2006261641172697183,0,Treatment,1
https://x.com/MacinZak/status/1997916307610882379,0,Treatment,1
https://x.com/Macrogirl_LA/status/2001568537551462482,0,Control,0
https://x.com/Maky_Punishwar/status/2001538139488444583,1,Treatment,1
https://x.com/Mandated13Ant/status/1996476726210351494,0,Control,0
https://x.com/Mandolin__Rain/status/1995775223434469776,0,Treatment,1
https://x.com/Maria63005042/status/1996513448432406605,0,Control,0
https://x.com/MariaCrouch18/status/2003436011070836831,2,Control,0
https://x.com/MarioNawfal/status/2005911742098923565,0,Control,0
https://x.com/MarioNawfal/status/2011705732044112140,0,Treatment,1
https://x.com/MarkEdelman5/status/2002735880314990708,0,Treatment,1
https://x.com/MarkGBblog/status/1997620601905885564,0,Treatment,1
https://x.com/MarkGBblog/status/2000826046132969639,2,Control,0
https://x.com/MarkGBblog/status/2003774485330042890,0,Treatment,1
https://x.com/Markus_Krall/status/1996124601168843180,0,Control,0
https://x.com/Mart888877/status/1998701991556415865,0,Treatment,1
https://x.com/Mart888877/status/2005909079877910554,1,Treatment,1
https://x.com/MartianSeervant/status/1998342809594507657,1,Control,0
https://x.com/MartianSeervant/status/2003451714565996608,0,Control,0
https://x.com/MartinFish28070/status/1996569820041716164,2,Treatment,1
https://x.com/MartinFish28070/status/2011753209090752815,2,Treatment,1
https://x.com/MartinTurzak/status/2000121174697906274,0,Treatment,1
https://x.com/MaryMcgivern7/status/2000474988152062108,0,Control,0
https://x.com/Matthew60702433/status/2011795142991114290,0,Control,0
https://x.com/Matttocrypto/status/2002648655032168633,0,Treatment,1
https://x.com/MattyLucasPenny/status/2008450798393717101,0,Control,0
https://x.com/MauroSR_67/status/2005194338855452737,0,Control,0
https://x.com/MawileMage/status/2008847430473957546,2,Treatment,1
https://x.com/MaxWolfeUK/status/1998670115361927638,1,Control,0
https://x.com/MckennaDen34381/status/2001290066920952318,0,Treatment,1
https://x.com/MckennaDen34381/status/2005952740371952047,0,Control,0
https://x.com/MdshahsdatA/status/2006230019849302393,0,Control,0
https://x.com/Mehgretnernav/status/2000047590826729915,2,Control,0
https://x.com/Melchizedek1972/status/2004126467496521736,0,Control,0
https://x.com/MerMadrigal/status/2006566571880362337,0,Control,0
https://x.com/MerlinLondon/status/2003822046355357760,2,Treatment,1
https://x.com/MfAdaptability/status/2008054368936067553,0,Control,0
https://x.com/Michael13777750/status/2003340521721483516,0,Treatment,1
https://x.com/MihailovicGagi/status/2000201931415851385,2,Control,0
https://x.com/MikeV_is_free/status/1998277472513864106,1,Treatment,1
https://x.com/Mike_TheSkeptic/status/1998611392233091280,2,Treatment,1
https://x.com/MilsurpMichael/status/2003004027068645714,0,Control,0
https://x.com/MimicoolBoomer/status/2006353094033207555,1,Control,0
https://x.com/Mio_Mind/status/2009245398678823366,0,Control,0
https://x.com/MissEve0109/status/2000897261698748636,0,Control,0
https://x.com/Mojobaby007/status/2002615559725461571,0,Treatment,1
https://x.com/Moosewasazues/status/2005982541711565205,2,Treatment,1
https://x.com/Moretrouble2/status/1998695713627152416,1,Control,0
https://x.com/MultipolarA/status/2001158596982165553,2,Control,0
https://x.com/Musk4Potus/status/2003061730021453936,0,Control,0
https://x.com/Musk4Potus/status/2005946845730603270,0,Control,0
https://x.com/Mykl_ArchAngel/status/1996468860203995504,2,Control,0
https://x.com/Mylovanov/status/2011746916061888754,0,Control,0
https://x.com/NAVSkandalen/status/1996146188639203810,0,Treatment,1
https://x.com/NAVSkandalen/status/1996158558212161588,0,Control,0
https://x.com/NAVSkandalen/status/1998693701334216837,0,Treatment,1
https://x.com/NAVSkandalen/status/1998994876126658768,0,Control,0
https://x.com/NAVSkandalen/status/2008091231868314028,2,Treatment,1
https://x.com/NBrouiller87/status/2005941268296142985,0,Treatment,1
https://x.com/NInterit/status/1996102309042855984,0,Treatment,1
https://x.com/Nastia_7777777/status/2003696215784063395,2,Treatment,1
https://x.com/NatalkaKyiv/status/2001181804754080056,0,Treatment,1
https://x.com/Neil1900/status/2005981072383959553,1,Treatment,1
https://x.com/Nerdy1975/status/2009235788815581376,0,Control,0
https://x.com/NewRulesGeo/status/2003443525107745188,0,Treatment,1
https://x.com/News_of_Donbass/status/1997993712123593024,2,Control,0
https://x.com/News_of_Donbass/status/2008166586310369650,0,Treatment,1
https://x.com/NiborOz/status/2006595701799793137,2,Treatment,1
https://x.com/NickTayNorfolk/status/1997663677873291315,0,Treatment,1
https://x.com/NigelXYYMan/status/2001217008784785506,0,Treatment,1
https://x.com/Nigertin/status/2008845561554948125,0,Control,0
https://x.com/Novi_Zmay/status/2000475776475418926,0,Treatment,1
https://x.com/Novi_Zmay/status/2000502684991045715,2,Treatment,1
https://x.com/OccupySchagen/status/2008095965874413785,0,Treatment,1
https://x.com/Oddman27/status/1999110832920072416,0,Treatment,1
https://x.com/OdmevMB/status/2001233650734538773,0,Treatment,1
https://x.com/OdmevMB/status/2002645224229847349,0,Control,0
https://x.com/OriginalKhutso5/status/2008532426906366377,0,Control,0
https://x.com/P83YQ8W6/status/1996172726911021154,0,Control,0
https://x.com/PLafala/status/2001618085820928011,0,Treatment,1
https://x.com/PMSimferopol/status/1995765803983978502,2,Treatment,1
https://x.com/PMSimferopol/status/2001558529770164334,2,Treatment,1
https://x.com/P_salmon/status/1996166549716009082,2,Control,0
https://x.com/Para_glider69/status/2000839248862195776,0,Control,0
https://x.com/Patrick622500/status/2002712677844656393,0,Control,0
https://x.com/PerttiVehreves1/status/2004073577491136531,0,Control,0
https://x.com/Peter_Suer/status/2000494585781580111,0,Control,0
https://x.com/Peter_Suer/status/2000870709686395147,2,Control,0
https://x.com/Peter_Suer/status/2009185657927995542,2,Control,0
https://x.com/Peter_Suer/status/2009188144806310355,2,Treatment,1
https://x.com/Peter_Suer/status/2010276771430883486,2,Control,0
https://x.com/Peter_Suer/status/2011686113815970206,0,Treatment,1
https://x.com/Peter_Suer/status/2011686266761593171,0,Treatment,1
https://x.com/Peter_Suer/status/2011690002560999913,2,Control,0
https://x.com/Peter_Suer/status/2011690469626163346,1,Treatment,1
https://x.com/Peter_Suer/status/2011692189928325424,0,Control,0
https://x.com/PetreSolheim/status/2003459750902792560,0,Treatment,1
https://x.com/PlagueLuke/status/1996146653858840894,0,Treatment,1
https://x.com/Planter5657/status/2000555953398100248,0,Control,0
https://x.com/Politico247/status/1997972092663603601,0,Treatment,1
https://x.com/Polly888888/status/1995759323318739093,0,Treatment,1
https://x.com/Primed24/status/2008749751567626645,0,Treatment,1
https://x.com/ProGunOne1776/status/1996212265851490644,0,Control,0
https://x.com/Profound_Meanin/status/1998739572583174504,0,Control,0
https://x.com/Punkbudgie_/status/2000512683091939832,2,Control,0
https://x.com/QRTnurse/status/2003370343009034510,0,Treatment,1
https://x.com/REALSUPERCEMENT/status/1997970395765346495,0,Control,0
https://x.com/RJMitchell36/status/2006267602918883569,0,Control,0
https://x.com/RJWillemsen1/status/2002654554501095855,0,Treatment,1
https://x.com/RJoseph92530519/status/1995820592436584913,2,Control,0
https://x.com/RN2045328438804/status/2008165365067686021,0,Treatment,1
https://x.com/RN2045328438804/status/2008166920638644640,0,Control,0
https://x.com/RRMacKay1963/status/2001283891555078384,0,Treatment,1
https://x.com/RT_India_news/status/2000903737875820669,0,Treatment,1
https://x.com/RT_India_news/status/2001284662652727362,2,Control,0
https://x.com/RWFlatitude/status/1999013600921305431,0,Treatment,1
https://x.com/RZONOP/status/2011682207421632824,0,Control,0
https://x.com/RZONOP/status/2011682259833659585,0,Treatment,1
https://x.com/RaiZdbyDINGOES/status/2001178330322677797,1,Control,0
https://x.com/RashtraNeeti/status/1997876108851843507,0,Treatment,1
https://x.com/RayMaboya/status/2000088469003972694,0,Treatment,1
https://x.com/RdrOAWhiteHorse/status/2001201639525372005,0,Control,0
https://x.com/RealKhairullin/status/2004162802806935946,0,Control,0
https://x.com/RealTiggerWood1/status/1996125163335651759,0,Treatment,1
https://x.com/RealWsiegrist/status/2000116738877477134,0,Treatment,1
https://x.com/RealWsiegrist/status/2000116977738891356,0,Treatment,1
https://x.com/Realismusjihad/status/2006618676892426299,0,Control,0
https://x.com/Realtwwrn/status/2001527797869670406,0,Treatment,1
https://x.com/RedDawnEurasia/status/2000900358533451843,0,Treatment,1
https://x.com/RedbirdEl/status/2000160099684462741,0,Treatment,1
https://x.com/RedbirdEl/status/2005941519073607780,2,Control,0
https://x.com/RedbirdEl/status/2005943138729202061,0,Treatment,1
https://x.com/RepublicBlog/status/1998739287324377496,0,Treatment,1
https://x.com/RespectDebate33/status/1998012995419455990,0,Treatment,1
https://x.com/Retew_Boy/status/1997964660986052911,0,Treatment,1
https://x.com/Retew_Boy/status/1998682672017592398,0,Treatment,1
https://x.com/Retew_Boy/status/1998738544567693719,2,Control,0
https://x.com/Retew_Boy/status/1998953355033587920,2,Control,0
https://x.com/RichardAdamczuk/status/1999015127165616206,1,Treatment,1
https://x.com/RickSanchezTV/status/1996119374327955856,0,Treatment,1
https://x.com/Rob73905582/status/1995770564061913174,2,Control,0
https://x.com/RobGoodall6/status/2002637362178969654,0,Control,0
https://x.com/RobertAlmen/status/1995770129926312446,2,Control,0
https://x.com/RobertThaler99/status/2000406657407590844,0,Treatment,1
https://x.com/Robert_Novak25/status/2000560330255294614,2,Control,0
https://x.com/RobertoGiuffre/status/1999021307782893677,0,Treatment,1
https://x.com/Roberts56Gavin/status/2003398031128015224,0,Control,0
https://x.com/RobertsBob64050/status/2006332896626557089,0,Treatment,1
https://x.com/RockyMtnTDI/status/1998262373761622373,0,Treatment,1
https://x.com/Rocky_1661/status/1999110574383452389,0,Treatment,1
https://x.com/Ronove734322/status/2000883005963763732,0,Treatment,1
https://x.com/RoviHere/status/1999064886878380306,0,Treatment,1
https://x.com/Ruby_Rosa_Polo/status/1997653731408589136,0,Control,0
https://x.com/Ruby_Rosa_Polo/status/2003418059764383934,2,Treatment,1
https://x.com/RussiaIsntEnemy/status/2005175679474668012,0,Treatment,1
https://x.com/SCSIraidGURU/status/2009264615016800706,0,Control,0
https://x.com/SITARMS/status/2003717358477557857,0,Treatment,1
https://x.com/SKAerials/status/1996112234938802412,0,Control,0
https://x.com/SKAerials/status/2012868552756187620,2,Treatment,1
https://x.com/Saffron_ManZ/status/2003093363478999181,0,Control,0
https://x.com/SalamonLuka/status/2004189992768397699,0,Treatment,1
https://x.com/SamarWatch/status/2005996420382478371,0,Control,0
https://x.com/SartorialShootr/status/2008878332793045485,2,Control,0
https://x.com/Scott46198555/status/2000879373206139156,0,Treatment,1
https://x.com/Scottishsoc/status/2001623804074996009,0,Treatment,1
https://x.com/SentiManju/status/1996215322953892226,0,Control,0
https://x.com/SgforgoodStella/status/1996567247968727477,0,Control,0
https://x.com/She_Politicske/status/1999073700914897281,2,Control,0
https://x.com/ShreoshiB/status/1996202970544046562,2,Treatment,1
https://x.com/Sierra182Papa/status/2008897589328945213,0,Control,0
https://x.com/SimbaKnows2/status/2003333684431331599,1,Treatment,1
https://x.com/SimonDixonTwitt/status/2001291538609926417,0,Control,0
https://x.com/Simonlester1971/status/1996159638186897729,2,Control,0
https://x.com/SlaterSeamus/status/2010317325480988697,0,Control,0
https://x.com/SlavFreeSpirit/status/2009181718821970179,0,Treatment,1
https://x.com/Snowhit05795585/status/2001531174964101507,2,Treatment,1
https://x.com/Snowhit05795585/status/2003664734076436817,2,Treatment,1
https://x.com/SocialismsEnemy/status/1997899794497323054,0,Treatment,1
https://x.com/SocialistMMA/status/2006582483626709007,0,Treatment,1
https://x.com/Space_PHD/status/2000858634541260998,1,Treatment,1
https://x.com/SpaghettiKozak/status/1996126616456712522,0,Control,0
https://x.com/Spoki_83/status/2002736439021420781,0,Control,0
https://x.com/SprintMediaNews/status/1995819883670499471,0,Control,0
https://x.com/SquidwardFiles/status/1998028957023936885,0,Treatment,1
https://x.com/SriAbhigyan/status/1996217476942794874,2,Control,0
https://x.com/Sseeji/status/1998729999646364042,2,Control,0
https://x.com/StacieT54453676/status/1997973670694736099,1,Treatment,1
https://x.com/Stan_Karczmarz/status/2001241991602954390,0,Treatment,1
https://x.com/Stan_Karczmarz/status/2003373100805546378,0,Control,0
https://x.com/Stan_Karczmarz/status/2003752640514027951,0,Control,0
https://x.com/Stan_Karczmarz/status/2005942584871412015,2,Treatment,1
https://x.com/StateAhead/status/1999045479024545893,2,Control,0
https://x.com/SteelblueIII/status/2002739830950637626,0,Control,0
https://x.com/StepanAndAndriy/status/2009120254442762254,0,Treatment,1
https://x.com/Stephen260457/status/2012834010855047437,1,Control,0
https://x.com/SteveHylan55254/status/1998593721634533501,0,Treatment,1
https://x.com/SteveHylan55254/status/1998644886183227433,0,Control,0
https://x.com/SteveHylan55254/status/1999041572223246429,2,Treatment,1
https://x.com/SteveHylan55254/status/2002700346624454989,0,Control,0
https://x.com/SteveHylan55254/status/2003351644214550633,0,Control,0
https://x.com/SteveHylan55254/status/2003688246577094793,2,Control,0
https://x.com/SteveHylan55254/status/2003763355169776050,0,Treatment,1
https://x.com/StevePaul63/status/1998359356606177448,0,Treatment,1
https://x.com/StevenMont10940/status/2000189847898558906,0,Treatment,1
https://x.com/Sthembiso_RSA/status/2010312738728493185,2,Control,0
https://x.com/Stuart42338603/status/2004188890278842507,1,Control,0
https://x.com/SumitTomar_hr/status/2010276528148623778,0,Treatment,1
https://x.com/Sunnyda04530056/status/1995815332565471526,0,Control,0
https://x.com/SurvivalistPt/status/1995776913890062364,0,Control,0
https://x.com/SurvivalistPt/status/1996172906838257935,0,Control,0
https://x.com/SurvivalistPt/status/1997890066975174963,0,Control,0
https://x.com/SurvivalistPt/status/1998004418059309204,2,Control,0
https://x.com/SurvivalistPt/status/2000887833418989779,0,Treatment,1
https://x.com/SurvivalistPt/status/2000893537542365253,2,Treatment,1
https://x.com/SurvivalistPt/status/2001189260041359804,0,Control,0
https://x.com/SurvivalistPt/status/2003795512005382296,2,Control,0
https://x.com/SurvivalistPt/status/2005943086547906671,0,Treatment,1
https://x.com/SurvivalistPt/status/2006287109431427284,0,Treatment,1
https://x.com/SurvivalistPt/status/2006344448524026263,2,Control,0
https://x.com/SusanDe71711074/status/1998979746701664716,2,Control,0
https://x.com/SwissSanjeev/status/2000095297545121899,0,Treatment,1
https://x.com/TBayfield/status/2000861719762231344,0,Control,0
https://x.com/THESWEDISHTRUTH/status/1995819465234079778,0,Treatment,1
https://x.com/THESWEDISHTRUTH/status/1995819526697406950,0,Control,0
https://x.com/THESWEDISHTRUTH/status/1996506299849117928,2,Control,0
https://x.com/THESWEDISHTRUTH/status/1996506496960532874,0,Treatment,1
https://x.com/THESWEDISHTRUTH/status/1996506569798750412,0,Treatment,1
https://x.com/THOUGHTCASTJeff/status/1996564075611128014,0,Treatment,1
https://x.com/TLC6191/status/1997918925213110694,0,Treatment,1
https://x.com/TOzgokmen/status/1995824241124532257,0,Treatment,1
https://x.com/TaniaGroth/status/1995775688364687562,0,Treatment,1
https://x.com/TaniaGroth/status/1998633797701742989,0,Treatment,1
https://x.com/Tarique18386095/status/2005271340962677152,0,Control,0
https://x.com/Tarique18386095/status/2005271594919424153,0,Control,0
https://x.com/Taxidrummer/status/2005159988722106564,0,Control,0
https://x.com/TeamKent85/status/1996209978336813454,0,Control,0
https://x.com/TemminkJohan/status/1996571164328534099,2,Control,0
https://x.com/TempleTTV/status/2008409223890432241,0,Control,0
https://x.com/TerraMia14/status/2011788953091719468,0,Control,0
https://x.com/TerraNovaChr/status/2003403209369641144,1,Treatment,1
https://x.com/TerraNovaChr/status/2005970831198003344,0,Control,0
https://x.com/TheDeep_State6/status/1997992736843055202,0,Treatment,1
https://x.com/TheDeep_State6/status/2005276325909790759,2,Treatment,1
https://x.com/TheFiveYouKnow/status/1999108037663977496,1,Treatment,1
https://x.com/TheFortuneRpt/status/1995772078117527743,1,Control,0
https://x.com/TheFortuneRpt/status/2003334504522613002,0,Treatment,1
https://x.com/TheMutz777/status/1999041978684813718,0,Treatment,1
https://x.com/TheRock80649333/status/1997987908389687366,2,Control,0
https://x.com/TheSausageMan/status/2001551593041465516,2,Control,0
https://x.com/TheVirginiaGen1/status/1996167202748432602,0,Treatment,1
https://x.com/ThomasD8591/status/2000129420275646530,2,Treatment,1
https://x.com/ThomasD8591/status/2009237964774343156,0,Treatment,1
https://x.com/ThraceAlex/status/1996104790418551286,0,Control,0
https://x.com/ThsvndrMr/status/1999068032837255287,0,Treatment,1
https://x.com/Tjerkje01/status/2001288508456014013,2,Control,0
https://x.com/TmsGrant/status/2009110341578613013,0,Treatment,1
https://x.com/ToivanGelder73/status/1996576993379340511,0,Control,0
https://x.com/ToivanGelder73/status/1998381503999283429,0,Treatment,1
https://x.com/TomBoyles10/status/2000048309625594040,2,Control,0
https://x.com/TomaszDisclg/status/2002688926528770452,0,Treatment,1
https://x.com/TracyGalla1990/status/2001237482634141744,0,Control,0
https://x.com/TracyGalla1990/status/2008507592923115628,0,Control,0
https://x.com/Truthwirklich/status/1998706360557380009,0,Control,0
https://x.com/U_E_Christendom/status/2003448966319374626,1,Control,0
https://x.com/Ukanolfckov/status/2002711397881516352,0,Control,0
https://x.com/VIVADENXCIXXX/status/2003103150996423071,0,Control,0
https://x.com/VOrnitho1974/status/2000517573478433252,0,Treatment,1
https://x.com/VOrnitho1974/status/2000544662831120649,0,Treatment,1
https://x.com/Van_der_Klerk/status/2008847890945544612,0,Treatment,1
https://x.com/VicV13270/status/2001158077589152087,0,Control,0
https://x.com/VicV13270/status/2003739474837332035,0,Control,0
https://x.com/Vierd1/status/2011801048675959061,0,Control,0
https://x.com/Vierd1/status/2012877809308336478,0,Control,0
https://x.com/Vierotchka/status/2001618325433090197,2,Treatment,1
https://x.com/ViktorHavasy/status/2001643332192383227,2,Treatment,1
https://x.com/VisserDonny/status/2004128170732409103,0,Treatment,1
https://x.com/Vladimi82222415/status/2008468090439516366,0,Treatment,1
https://x.com/VoxDei1960/status/2008030916590121144,0,Treatment,1
https://x.com/WARRENTSHOW/status/2006237976360255782,0,Control,0
https://x.com/WScraidy/status/2006617144990249173,0,Control,0
https://x.com/WTM_TTF/status/1998604916890427600,0,Treatment,1
https://x.com/WarHunter2222/status/1996211793073422758,0,Control,0
https://x.com/WarHunter2222/status/2000138844256051353,0,Control,0
https://x.com/WarHunter2222/status/2008486503509328056,2,Treatment,1
https://x.com/WarHunter2222/status/2010290881820246515,0,Treatment,1
https://x.com/WeR1being/status/2001245411814859104,0,Control,0
https://x.com/WhalenJess88131/status/1996579001872286009,0,Treatment,1
https://x.com/Windancer2706/status/1995823343388312012,2,Treatment,1
https://x.com/Windancer2706/status/1995824092021129639,0,Treatment,1
https://x.com/Wink_Panther/status/2005916268528836676,0,Control,0
https://x.com/WitchEnd/status/2000918825655787697,0,Treatment,1
https://x.com/WitchEnd/status/2001273282289336707,2,Treatment,1
https://x.com/WitchEnd/status/2001632134679924971,0,Treatment,1
https://x.com/WoltzHowell/status/2002645290818679201,0,Control,0
https://x.com/XrppumpH/status/1998733280221298870,2,Treatment,1
https://x.com/Xtra_coverdrive/status/2005948474395590859,0,Control,0
https://x.com/YakushinaLisa/status/2001179752250663114,1,Treatment,1
https://x.com/ZMijokovic/status/1996509524413624504,0,Control,0
https://x.com/Zana2A/status/1997641564936442135,2,Treatment,1
https://x.com/Zeiein/status/2006303552906617300,2,Treatment,1
https://x.com/ZeppLaRouche/status/1995815688766681104,0,Control,0
https://x.com/Zlatti_71/status/2004148560510566567,0,Control,0
https://x.com/_GeoTakes_/status/2008896868013445468,0,Control,0
https://x.com/_RealPhilJones/status/2010693057176359145,0,Treatment,1
https://x.com/abstrajo/status/2012860827515207741,2,Control,0
https://x.com/agathrocha/status/2008462128932340137,0,Treatment,1
https://x.com/agesileos/status/2000192273166831778,0,Control,0
https://x.com/ahmadovich89/status/2008816056337657991,0,Treatment,1
https://x.com/air2dlp12345/status/2000488656423809142,2,Treatment,1
https://x.com/ajrobertsshow/status/2001201512542777427,0,Control,0
https://x.com/alchemist2114/status/1995765637696946543,0,Treatment,1
https://x.com/alealefrank/status/1996203034880471389,0,Treatment,1
https://x.com/alex_schwartz1/status/2006581725716193352,2,Control,0
https://x.com/allerton_k43150/status/1998290961320063194,2,Control,0
https://x.com/alphonns/status/1998614646484345254,0,Treatment,1
https://x.com/alphonns/status/1998615009337708557,2,Control,0
https://x.com/alphonns/status/1998981695094272497,0,Control,0
https://x.com/alphonns/status/1998981814384472114,0,Treatment,1
https://x.com/alphonns/status/1998982956376043657,0,Control,0
https://x.com/alphonns/status/2000437843743674866,0,Treatment,1
https://x.com/amanwifname/status/2005972994481655935,0,Control,0
https://x.com/ameoate/status/1996578089124389056,0,Control,0
https://x.com/antoine2711/status/2003081882812989519,0,Control,0
https://x.com/antoine2711/status/2003758615497208246,1,Control,0
https://x.com/aqcbuilding/status/2003463948407083435,2,Treatment,1
https://x.com/argraves_damian/status/2000873536882401720,0,Control,0
https://x.com/atla_gold/status/2005873337235603485,0,Control,0
https://x.com/barry64145240/status/2009258156832981474,0,Treatment,1
https://x.com/benaliajimmy/status/2011776654155403293,0,Control,0
https://x.com/bernhtp/status/2000046469118890112,0,Treatment,1
https://x.com/bernhtp/status/2006355730912383285,0,Treatment,1
https://x.com/bill2earth/status/1998616053308600787,0,Treatment,1
https://x.com/bradley_tindall/status/2002961394237411650,0,Control,0
https://x.com/bradley_tindall/status/2006239691394240528,2,Treatment,1
https://x.com/brane_mija64426/status/2010688894128341027,0,Control,0
https://x.com/canthavepudding/status/2012771293226283271,0,Treatment,1
https://x.com/capnchappy/status/1996202772371239265,1,Control,0
https://x.com/cdb926/status/1996190154936189061,2,Treatment,1
https://x.com/cdnrefugee/status/2003102801430536561,0,Control,0
https://x.com/cdnshawn/status/2001292159438229877,0,Control,0
https://x.com/cepulje/status/1998653611472032023,2,Control,0
https://x.com/chatswithem/status/1998700462833316106,0,Control,0
https://x.com/chatswithem/status/2000528838372033014,0,Control,0
https://x.com/chatswithem/status/2010297091814252968,0,Control,0
https://x.com/checkingMada198/status/1997982229100663102,0,Control,0
https://x.com/checkingMada198/status/2012857652200497523,1,Control,0
https://x.com/cheffieparadise/status/2003346892210733473,0,Control,0
https://x.com/cheffobg/status/2000880241787433238,0,Control,0
https://x.com/chess_robot/status/1998343818345607544,0,Treatment,1
https://x.com/chipke7/status/2005906577782370590,1,Control,0
https://x.com/cipollina60/status/2000491173027180561,0,Control,0
https://x.com/cityslickers55/status/2000193808839897183,0,Treatment,1
https://x.com/cjtjgeol/status/2008812785338388936,0,Treatment,1
https://x.com/clashreport/status/2001263100708999556,2,Control,0
https://x.com/clockwork584043/status/1998387744662278485,0,Treatment,1
https://x.com/conyakk/status/2008022459388465263,0,Control,0
https://x.com/cool_grandad/status/1996204897939890584,0,Treatment,1
https://x.com/cool_grandad/status/1998016815952502858,0,Treatment,1
https://x.com/cool_grandad/status/1998731332965323239,2,Control,0
https://x.com/cool_grandad/status/2000566117295907246,2,Control,0
https://x.com/cool_grandad/status/2000830017568399686,0,Control,0
https://x.com/cool_grandad/status/2005236189977333910,2,Treatment,1
https://x.com/cornerstonetom3/status/1998342913269567764,0,Control,0
https://x.com/crispSV/status/1996124618516463750,0,Treatment,1
https://x.com/crispSV/status/1998298145051271240,0,Control,0
https://x.com/crispSV/status/2003085291666751917,2,Control,0
https://x.com/crokettd559/status/2000550595791614170,0,Treatment,1
https://x.com/cubaduda/status/2000495324826067415,0,Control,0
https://x.com/cubaduda/status/2005203308764660057,2,Treatment,1
https://x.com/cw72119/status/2000873665353683117,0,Treatment,1
https://x.com/cwsuth1/status/1998296577136529746,0,Treatment,1
https://x.com/d1rogue/status/2000191254647206156,0,Control,0
https://x.com/d53404/status/2003000551211225326,0,Control,0
https://x.com/daisycossie/status/2005212945173889202,2,Control,0
https://x.com/dammy_richardz/status/2002629473968271471,0,Control,0
https://x.com/dan_danmcc1/status/2005890316906422366,2,Control,0
https://x.com/dana916/status/1998004068132732988,0,Treatment,1
https://x.com/dana916/status/1998004174580060479,0,Control,0
https://x.com/dana916/status/2004170873343713688,0,Treatment,1
https://x.com/dana916/status/2004182085901173009,0,Treatment,1
https://x.com/darc87798/status/1998309891468071335,0,Treatment,1
https://x.com/darc87798/status/2000529350190366868,0,Control,0
https://x.com/darren_mac58595/status/1996561002616475954,0,Treatment,1
https://x.com/datruthhuts/status/1998365943018180683,0,Treatment,1
https://x.com/davidowens43/status/1996522496011698298,0,Treatment,1
https://x.com/delboy1978uk/status/2012878860107284483,2,Treatment,1
https://x.com/delboy1978uk/status/2012879777795874918,0,Treatment,1
https://x.com/dick_girard/status/2003064038553723169,2,Control,0
https://x.com/dijoni/status/2008406431725498378,1,Control,0
https://x.com/distant_earth83/status/1997970016617037870,0,Treatment,1
https://x.com/dlbohin/status/2000535605076218219,0,Control,0
https://x.com/doyaksec/status/2010260473149870290,0,Control,0
https://x.com/dr_janneke/status/2002680562692284480,2,Treatment,1
https://x.com/drsircus/status/2006360799112208539,0,Control,0
https://x.com/dumptheguardian/status/2005277213898510543,2,Control,0
https://x.com/dustup224/status/2012887631680413801,2,Control,0
https://x.com/dwilliam9940/status/1996525976059310257,0,Control,0
https://x.com/dwilliam9940/status/1998351017482551728,0,Treatment,1
https://x.com/dyermarti1/status/2002702661624406130,2,Treatment,1
https://x.com/earthflute/status/2000825806315250117,2,Control,0
https://x.com/earthflute/status/2012824188571283918,1,Control,0
https://x.com/eastcodiesel/status/2000901296782479430,2,Treatment,1
https://x.com/ebwhite99/status/2000929793949491295,2,Control,0
https://x.com/edwin_good66883/status/2000479916920295492,2,Treatment,1
https://x.com/elaineakins449/status/1998283369998852381,2,Control,0
https://x.com/elaineakins449/status/2000914226714698198,0,Treatment,1
https://x.com/elbrigantero/status/2001238911205691836,2,Control,0
https://x.com/emailcbp/status/1997947400607117795,0,Control,0
https://x.com/euroboma/status/2003777417316274455,2,Treatment,1
https://x.com/evagreiner8/status/1996122556555010098,0,Control,0
https://x.com/evilchuckster/status/1996218415800033580,0,Control,0
https://x.com/exposethepuppet/status/2001544615653183552,2,Treatment,1
https://x.com/farhadesmaeili4/status/1996119792982401253,0,Control,0
https://x.com/ferozwala/status/2000870246794817681,2,Control,0
https://x.com/fionan12/status/2012837547487936878,2,Control,0
https://x.com/flowirin/status/2000880557321076894,0,Treatment,1
https://x.com/forever2021may/status/1997981123394073062,0,Treatment,1
https://x.com/forrester2/status/1998997769894420823,0,Control,0
https://x.com/frankandbri/status/2003779488623231413,2,Control,0
https://x.com/fredje75256902/status/2005265630384288244,2,Treatment,1
https://x.com/funtomreal/status/2000547751960965270,0,Control,0
https://x.com/ged_rice51522/status/1999025251439751475,0,Control,0
https://x.com/ged_rice51522/status/2006286755574509978,0,Control,0
https://x.com/getcloserhome/status/1997999998722531686,0,Control,0
https://x.com/getcloserhome/status/1998015276349063347,0,Treatment,1
https://x.com/getcloserhome/status/1998730491843805398,0,Treatment,1
https://x.com/gio_tbilisi/status/2001239603529880027,0,Control,0
https://x.com/gioavelli/status/2000898802816049201,0,Control,0
https://x.com/godsheros76762/status/2003733957414941124,0,Control,0
https://x.com/got2be4real/status/1997957422460358739,0,Control,0
https://x.com/grimzone/status/2001525279055851939,0,Control,0
https://x.com/grishko_new/status/1998315693402677508,1,Treatment,1
https://x.com/guitartabbs/status/2008793930159296688,0,Treatment,1
https://x.com/hardjappaleno/status/1995809463823946129,1,Control,0
https://x.com/hawkins_carole/status/2001197317064430059,0,Treatment,1
https://x.com/heraldmage/status/1998268625539768503,0,Control,0
https://x.com/hindsight2c/status/1999109436850204834,2,Treatment,1
https://x.com/holy_hero/status/2002999545374908446,0,Control,0
https://x.com/hopeoverfear01/status/2003749065683873893,2,Control,0
https://x.com/humbleguy36/status/2000871571200860234,0,Control,0
https://x.com/hypergraphing/status/1997943522901512387,0,Control,0
https://x.com/icemanpls/status/2001564399715438920,2,Control,0
https://x.com/in_visi_ble_one/status/1998346960412328141,0,Treatment,1
https://x.com/in_visi_ble_one/status/2000191283055509546,2,Treatment,1
https://x.com/insolitos22/status/2011695229053911517,0,Treatment,1
https://x.com/ionut_padu10767/status/2008049836516409726,2,Control,0
https://x.com/ismyringen01/status/1996117408684159347,0,Treatment,1
https://x.com/israeliens1/status/2005201560620732444,2,Control,0
https://x.com/ivan_8848/status/2000155155228996090,0,Treatment,1
https://x.com/ivan_8848/status/2012842649858777410,0,Control,0
https://x.com/jccfergie/status/2003434936502747635,0,Treatment,1
https://x.com/jeffbpdret1791/status/1997644539683541168,2,Treatment,1
https://x.com/jerryfarman/status/2003672810166845636,2,Treatment,1
https://x.com/jlcas1/status/1996168433218523540,0,Control,0
https://x.com/joazipan007/status/1998390465473777737,0,Treatment,1
https://x.com/john_532/status/1996552131067961527,0,Control,0
https://x.com/john_jvr/status/1998730828633829545,2,Treatment,1
https://x.com/jojogyari/status/2003415842659402055,0,Treatment,1
https://x.com/jokes_on_us_pal/status/1995777092248637769,0,Control,0
https://x.com/jokes_on_us_pal/status/1996566585574862897,2,Control,0
https://x.com/jokes_on_us_pal/status/2001643516754317652,2,Control,0
https://x.com/jokes_on_us_pal/status/2003413211547337005,0,Control,0
https://x.com/jonlegsby11/status/2002645526224019916,0,Treatment,1
https://x.com/jonnycomp344502/status/1996532651671609665,0,Treatment,1
https://x.com/joshjtrades/status/2008468671245819966,0,Control,0
https://x.com/jsrfrench/status/1998365885661335692,2,Control,0
https://x.com/jubbyjub7/status/1996487202197676184,0,Treatment,1
https://x.com/judymorris3/status/1996578228182413820,0,Treatment,1
https://x.com/just_HJB_here/status/2002671382606626990,2,Control,0
https://x.com/k69tie/status/1997960061046730999,0,Treatment,1
https://x.com/k69tie/status/1999049659722178885,2,Treatment,1
https://x.com/k69tie/status/2000503285535699289,0,Treatment,1
https://x.com/k69tie/status/2000526142286053654,0,Treatment,1
https://x.com/kadmitriev/status/1998985982880960543,2,Treatment,1
https://x.com/katzenbrau/status/2003372839160906127,0,Control,0
https://x.com/kaza40419/status/2003417066175627622,0,Control,0
https://x.com/kenRik25360/status/2000116006451322910,0,Treatment,1
https://x.com/kenRik25360/status/2002654219904692592,0,Treatment,1
https://x.com/kenan101138/status/2008496177478857160,0,Control,0
https://x.com/kevin_nivek7/status/1996149337001455886,0,Control,0
https://x.com/kevin_nivek7/status/1996156287743345032,0,Treatment,1
https://x.com/kevin_nivek7/status/1996529948673421374,0,Treatment,1
https://x.com/kevin_nivek7/status/1998706731342295124,0,Control,0
https://x.com/kevin_nivek7/status/1998708490525868104,0,Control,0
https://x.com/kevin_nivek7/status/2001643834107986420,0,Control,0
https://x.com/kevin_nivek7/status/2001647220308037910,0,Treatment,1
https://x.com/khanun220504/status/2008857712407576624,2,Treatment,1
https://x.com/ki_adel/status/2005964952851603599,0,Treatment,1
https://x.com/kishineff/status/1997568162829877265,0,Control,0
https://x.com/knotrushin/status/2000926804102799763,0,Treatment,1
https://x.com/krlttk/status/1998347958257881316,1,Treatment,1
https://x.com/ktagseth/status/1996208572900806706,0,Control,0
https://x.com/ktagseth/status/1996551467252297792,0,Control,0
https://x.com/ktagseth/status/2001638765765497040,2,Control,0
https://x.com/lbrewer190/status/1997599787441430987,0,Treatment,1
https://x.com/leftyvegan/status/2000785896904298790,0,Control,0
https://x.com/leser8989/status/2004121844681789470,2,Control,0
https://x.com/leser8989/status/2008484746993475873,0,Control,0
https://x.com/leser8989/status/2008484980964331758,0,Treatment,1
https://x.com/lesnievsky/status/2008901302554595710,0,Treatment,1
https://x.com/letmelooktv/status/1996513402018292094,0,Control,0
https://x.com/lettuceorganise/status/2006206435940880850,0,Control,0
https://x.com/ll_mansfield/status/2000115053001941352,0,Treatment,1
https://x.com/loony_not/status/2005230871025230127,0,Treatment,1
https://x.com/lordgmanilson/status/2008860429674741897,0,Control,0
https://x.com/lredl3_/status/1996465884060414227,2,Treatment,1
https://x.com/lredl3_/status/1997974035536506972,2,Control,0
https://x.com/lredl3_/status/2005886040796471616,2,Treatment,1
https://x.com/lula_leftist/status/2000174759095550077,2,Control,0
https://x.com/lula_leftist/status/2001228749308600652,0,Control,0
https://x.com/lula_leftist/status/2001232839359005061,2,Control,0
https://x.com/lula_leftist/status/2010683442682270206,1,Control,0
https://x.com/lyfewavs/status/2000564923580232062,0,Control,0
https://x.com/macawsrock/status/1997929389208871002,0,Control,0
https://x.com/macgiver351/status/2002738182421700724,0,Treatment,1
https://x.com/machteloze/status/1996119100016525689,0,Treatment,1
https://x.com/mackaycallum44/status/2004075227127681384,2,Control,0
https://x.com/mackaycallum44/status/2004076589903135090,2,Treatment,1
https://x.com/madame_moyen/status/2000429147693203797,0,Control,0
https://x.com/madamglobal/status/2008834108043272348,0,Treatment,1
https://x.com/magloirebetty/status/1996149872911691842,2,Treatment,1
https://x.com/manojzxc/status/2008038636969976045,2,Treatment,1
https://x.com/mariaprecious12/status/2005187785066529267,0,Control,0
https://x.com/markcotter1964/status/2010329143464861701,2,Treatment,1
https://x.com/martianwyrdlord/status/2009115417332056534,2,Control,0
https://x.com/maryfloor/status/2001254975591342372,0,Control,0
https://x.com/maryskaron/status/2005236283262861644,0,Treatment,1
https://x.com/maturefinancier/status/1996514007398912147,1,Control,0
https://x.com/maturefinancier/status/1998323709757501712,2,Control,0
https://x.com/maturefinancier/status/1998326530397614356,2,Control,0
https://x.com/maturefinancier/status/2001617027363148281,0,Treatment,1
https://x.com/maturefinancier/status/2001627921572860173,0,Control,0
https://x.com/mauduitf/status/2000513062131167457,2,Control,0
https://x.com/maxindixie/status/2003418643682451710,1,Treatment,1
https://x.com/maxindixie/status/2010225175342571959,2,Treatment,1
https://x.com/mazzenilsson/status/1998010298624565660,2,Control,0
https://x.com/mercernany/status/2008149983711867025,0,Treatment,1
https://x.com/mg89of/status/2011707689408348549,0,Control,0
https://x.com/micheldegroen/status/1995769507143376926,0,Treatment,1
https://x.com/michelwaarheid/status/2005962614585614837,2,Treatment,1
https://x.com/mijas2022/status/2006298440968417518,0,Treatment,1
https://x.com/mijas2022/status/2009192875456909789,0,Treatment,1
https://x.com/milliondivs/status/1996462528822751632,2,Treatment,1
https://x.com/mindwarz/status/1998391917147480168,0,Control,0
https://x.com/mindwarz/status/2002732875347849599,2,Control,0
https://x.com/mjafri1214/status/2005179871635595408,0,Control,0
https://x.com/mobbs_mentality/status/2012865059169431683,0,Treatment,1
https://x.com/monon7143230/status/2000914386135760969,0,Control,0
https://x.com/monon7143230/status/2005868282989982040,0,Control,0
https://x.com/monon7143230/status/2008796058319733043,2,Control,0
https://x.com/moscow__calling/status/1999111984155910534,2,Control,0
https://x.com/moscow__calling/status/2000899806667907223,0,Control,0
https://x.com/mrSatias/status/2000141570960719990,0,Control,0
https://x.com/mrSatias/status/2002691172867911945,1,Control,0
https://x.com/musa_mansa/status/2003100352170827811,0,Treatment,1
https://x.com/mvernengo1/status/2005266281516371979,0,Treatment,1
https://x.com/neembeam/status/2010342011363324405,2,Treatment,1
https://x.com/niinamuslimah/status/1995819960719839356,1,Control,0
https://x.com/nikto20001/status/1999009876572516441,2,Control,0
https://x.com/ninjitalia/status/2000536732887105850,0,Control,0
https://x.com/nobodyudlike/status/2002962373791928561,1,Control,0
https://x.com/notsoblackcatt/status/2002646260231364871,0,Control,0
https://x.com/nxt888/status/1997924067979165790,0,Treatment,1
https://x.com/nxt888/status/2009173523458294219,0,Control,0
https://x.com/oilngas007/status/1998620262703706244,0,Treatment,1
https://x.com/omegacloud/status/2000763893258277137,2,Treatment,1
https://x.com/pStetenfeld/status/2005982864123519223,1,Treatment,1
https://x.com/paddytoland/status/2008875845302247751,0,Treatment,1
https://x.com/patrioticshoe/status/2009136720298885325,2,Treatment,1
https://x.com/peet202411/status/2001183010620608515,0,Treatment,1
https://x.com/petechatziplis/status/1998713393004605825,2,Treatment,1
https://x.com/peter777j/status/2002709687851225444,0,Treatment,1
https://x.com/petermortell1/status/2001629695540912549,0,Treatment,1
https://x.com/phat3lvis/status/2000410097281863958,0,Control,0
https://x.com/pidriarel/status/1995809574016680391,2,Control,0
https://x.com/platykitten/status/2008406904108970270,2,Treatment,1
https://x.com/pro439041399/status/1996206843035836888,0,Control,0
https://x.com/progressero/status/2001238652886900953,2,Treatment,1
https://x.com/radostmala/status/2012790772446228857,0,Control,0
https://x.com/rbg4lif/status/1995800593873490400,2,Treatment,1
https://x.com/rbg4lif/status/1996534748345209128,2,Control,0
https://x.com/rbg4lif/status/2001290758318424394,0,Control,0
https://x.com/rbg4lif/status/2005248212248953295,2,Treatment,1
https://x.com/realRobPlumber/status/2008435772379058672,0,Treatment,1
https://x.com/realTobiasR/status/1998313632174604321,0,Treatment,1
https://x.com/realcauchemar/status/2000203187916259654,0,Treatment,1
https://x.com/realideas3/status/1996468632629678299,2,Control,0
https://x.com/realideas3/status/2005135497535127929,0,Treatment,1
https://x.com/realjammerjoh/status/2003002737261162784,0,Treatment,1
https://x.com/realomegahpla/status/2000547744038170632,2,Treatment,1
https://x.com/realomegahpla/status/2004176930300625047,2,Treatment,1
https://x.com/recalltonal/status/2010710347481563195,2,Treatment,1
https://x.com/reivanen/status/2004178835219284191,0,Control,0
https://x.com/renegademormon/status/2000800988979192002,0,Treatment,1
https://x.com/rhovanion2/status/2006636783279170008,0,Control,0
https://x.com/ricwe123/status/2008085524569878923,0,Treatment,1
https://x.com/rnick5338/status/2008897981437943849,1,Control,0
https://x.com/rodgarza2001/status/2005243074205671934,0,Control,0
https://x.com/romanlouisville/status/2002691763698647122,0,Control,0
https://x.com/rtt060/status/2008076751893930346,0,Control,0
https://x.com/rupert_jennings/status/1996215003838599559,0,Treatment,1
https://x.com/rushrevolt2/status/1997917620742275477,0,Treatment,1
https://x.com/russe61784/status/2002689876677083275,0,Treatment,1
https://x.com/rustokratr/status/2008771907831910757,0,Control,0
https://x.com/salem942408569/status/2008061269035872666,2,Control,0
https://x.com/sally_sneddon/status/1998726611638596032,2,Control,0
https://x.com/sally_sneddon/status/1998727590815687103,2,Treatment,1
https://x.com/sashafrp/status/2005241383389708668,2,Control,0
https://x.com/scottwa80184192/status/1998004286123577821,0,Control,0
https://x.com/sdogiii/status/1996127613606396269,0,Treatment,1
https://x.com/sea_bouy/status/2000868048606310638,0,Control,0
https://x.com/selvarin/status/2012759806545666414,0,Treatment,1
https://x.com/sempsictyranis/status/1996157076125749592,0,Control,0
https://x.com/sgril25/status/1998724488117235975,0,Control,0
https://x.com/shaandrix/status/2005178454602645736,2,Control,0
https://x.com/shcutter/status/2001595057070391730,0,Treatment,1
https://x.com/ship_steward/status/1998003090683736567,1,Control,0
https://x.com/sickstringer/status/2001571671510249775,2,Control,0
https://x.com/sickstringer/status/2002628123909894656,0,Control,0
https://x.com/siillvveer22/status/2000068023127052331,2,Control,0
https://x.com/silqueduck/status/2008538639639126167,2,Treatment,1
https://x.com/sirimeetra/status/1997888823561523262,0,Control,0
https://x.com/sirimeetra/status/2005885817211023754,0,Treatment,1
https://x.com/speakeezie/status/2000489253281972434,0,Treatment,1
https://x.com/spiggzy/status/1999005531319517442,0,Treatment,1
https://x.com/spiro_777/status/1996124046581514330,0,Treatment,1
https://x.com/spiro_777/status/2002669329847103831,2,Treatment,1
https://x.com/stanger_05/status/2003459028547174512,0,Control,0
https://x.com/star877/status/2003713149246050515,0,Treatment,1
https://x.com/starrshine369/status/2000095597039071591,2,Control,0
https://x.com/stephen_pepsi/status/2011727651179020404,0,Control,0
https://x.com/steveh689/status/2002575154011115968,0,Treatment,1
https://x.com/stickwoman85669/status/1998754314840396239,0,Control,0
https://x.com/stof3345/status/1998651174942060719,0,Treatment,1
https://x.com/stpgop/status/1998621598329495733,2,Treatment,1
https://x.com/strider_astride/status/2002944333972971931,2,Treatment,1
https://x.com/sweettart024/status/2009139375897227289,0,Treatment,1
https://x.com/tany12044/status/1998298726801211745,2,Treatment,1
https://x.com/tedkel/status/1995823064500637950,0,Control,0
https://x.com/tempesttree/status/2000773190948163674,2,Treatment,1
https://x.com/terryrus99/status/2008076052430835999,0,Control,0
https://x.com/texnbob1/status/1995811234340352218,2,Control,0
https://x.com/thefuturebyJC/status/2002696452771045593,2,Control,0
https://x.com/thefuturebyJC/status/2008121449559757070,0,Control,0
https://x.com/therealonknows/status/2003804183212835286,2,Treatment,1
https://x.com/thewatc95717625/status/2000861384083398844,2,Control,0
https://x.com/thisiskeena/status/2005894883563684157,0,Treatment,1
https://x.com/thor_sloan/status/1996122598233538615,0,Treatment,1
https://x.com/toddgardens/status/1997592796098936894,1,Control,0
https://x.com/toku_michel/status/1996157166458225044,0,Treatment,1
https://x.com/tonyaddison/status/1996506846321050001,0,Control,0
https://x.com/tonyaddison/status/2003391404081578398,2,Control,0
https://x.com/trip6/status/2000805929114120225,0,Control,0
https://x.com/triples33/status/2001235507473158150,0,Treatment,1
https://x.com/tuscantony/status/2008900575509770732,2,Treatment,1
https://x.com/twasthentisnow/status/2009230531146469483,0,Treatment,1
https://x.com/twittypolitty/status/2000837732747132938,0,Control,0
https://x.com/ulgenfatma74/status/2001617833600618539,0,Treatment,1
https://x.com/uncoverups/status/2000148622000713872,1,Control,0
https://x.com/ussrminder/status/2003714592393023959,0,Treatment,1
https://x.com/vernalkeith66/status/2005215208747495652,0,Treatment,1
https://x.com/vick55top/status/2003788841908314356,0,Treatment,1
https://x.com/vick55top/status/2004141469712445769,0,Control,0
https://x.com/videomax11/status/1998642985945432401,2,Treatment,1
https://x.com/viralvideonews3/status/2006629466160656813,2,Treatment,1
https://x.com/vivienstevens23/status/2002693582432706881,0,Control,0
https://x.com/vladimirputiniu/status/2006238336583885093,0,Control,0
https://x.com/volkova_ma57183/status/2002657836002902127,0,Control,0
https://x.com/vraagstaart/status/1999027432385581412,0,Treatment,1
https://x.com/vulturecorso/status/2001557899152417137,0,Control,0
https://x.com/vulturecorso/status/2001563964367606119,2,Treatment,1
https://x.com/walsh_kirk91371/status/1999046589030232288,2,Control,0
https://x.com/walsh_kirk91371/status/2005985804150268191,0,Control,0
https://x.com/walt_j_kovacs/status/2000555413138530349,0,Control,0
https://x.com/watson_jam42276/status/1996123544091349052,0,Control,0
https://x.com/wildwor91537734/status/2000509587926208766,0,Control,0
https://x.com/wildwor91537734/status/2001235887741694171,0,Treatment,1
https://x.com/wildwor91537734/status/2006001400841715846,2,Treatment,1
https://x.com/will_roche/status/2008896606968377608,0,Control,0
https://x.com/wogoa1/status/1995804312765678020,0,Treatment,1
https://x.com/wogoa1/status/2001286787444994235,0,Treatment,1
https://x.com/woutschaap/status/2002712058232770794,0,Treatment,1
https://x.com/yvesjordan16/status/2006629165487833421,0,Control,0
https://x.com/z500_tj/status/1995775144703213954,2,Treatment,1
https://x.com/zakhele_mkh/status/2009234724167012609,2,Control,0
https://x.com/ze_mini/status/2001263122628419929,2,Treatment,1
https://x.com/zsylvainz/status/1997879010735407345,0,Control,0
