URL,first_window_share,half_life_day,late_window_share,mean_accum_day,accel_index,plateau_day,Group,is_treatment
https://x.com/1MikeFairclough/status/2003083991738421562,0.7777777777777778,1.0,0.0,1.2222222222222223,-13.564197415396828,3.0,Treatment,1
https://x.com/ABridgen/status/1997614452833739074,0.9490623416117587,1.0,-0.0030410542321338066,1.3025666337611057,,2.0,Control,0
https://x.com/Abhi_is_great/status/2001225766575718573,1.0,1.0,0.0,1.0,-13.815511557963774,2.0,Control,0
https://x.com/Alex_Oloyede2/status/2000183428495614156,0.8015873015873016,1.0,1.3095238095238095,4.0961098398169336,0.4908244731714188,2.0,Control,0
https://x.com/Alfreddezayas/status/2000881367513530800,0.7857142857142857,1.0,0.0,1.2142857142857142,-13.574349773873848,3.0,Treatment,1
https://x.com/Andjela_Sipovac/status/2001268642315726852,1.0,1.0,0.0,1.0,-13.815511557963774,2.0,Control,0
https://x.com/Andjela_Sipovac/status/2004188502242582811,1.0,1.0,0.0,1.0,-13.815511557963774,2.0,Treatment,1
https://x.com/Archer83Able/status/1996216601742336180,1.0,1.0,0.0,2.5,-13.815511557963774,2.0,Treatment,1
https://x.com/Archer83Able/status/2000871773357695094,1.0,1.0,0.0,1.0,-13.815511557963774,2.0,Control,0
https://x.com/ArmanAmany/status/2003465622244721015,1.0,1.0,0.0,1.0,-13.815511557963774,2.0,Control,0
https://x.com/Assyrian2/status/1995817041744236638,1.0,1.0,0.0,1.0,-13.815511557963774,2.0,Treatment,1
https://x.com/BDooher/status/2000930278336794674,0.7727272727272727,1.0,0.0,1.7464788732394365,-13.557682742778985,3.0,Control,0
https://x.com/BPetrovchich/status/2006605950619365526,1.0,1.0,0.0,6.0,-13.815511557963774,2.0,Control,0
https://x.com/BPetrovchich/status/2006607446337605781,1.0,1.0,0.0,6.0,-13.815511557963774,2.0,Control,0
https://x.com/BPetrovchich/status/2006607715360288800,1.0,1.0,0.0,1.0,-13.815511557963774,2.0,Control,0
https://x.com/BPetrovchich/status/2006608512269590822,0.0,2.0,0.0,7.75,,1.0,Treatment,1
https://x.com/BPetrovchich/status/2006608702456152220,0.0,2.0,0.0,8.0,,1.0,Treatment,1
https://x.com/BartDePalma/status/1997995575900270928,1.0,1.0,0.0,1.0,-13.815511557963774,2.0,Treatment,1
https://x.com/BeateLandefeld/status/1997601071833678251,1.0,1.0,0.0,1.0,-13.815511557963774,2.0,Treatment,1
https://x.com/BorisNChuryk/status/1997622294253044005,0.0,5.0,0.0,5.0,,1.0,Treatment,1
https://x.com/BowesChay/status/1996173251999928821,0.8064516129032258,1.0,0.04659498207885305,1.5904436860068258,-2.8511308234339485,3.0,Treatment,1
https://x.com/BowesChay/status/2000863054091968849,0.9038759689922481,1.0,0.0031007751937984496,1.218989280245023,-5.674718664128366,3.0,Treatment,1
https://x.com/BrianLee1928112/status/1997975026335641600,1.0,1.0,0.0,1.0,-13.815511557963774,2.0,Treatment,1
https://x.com/CARTOONISThugo/status/2000883925124624883,1.0,1.0,0.0,1.0,-13.815511557963774,2.0,Treatment,1
https://x.com/CannConActual/status/2005148455891828902,1.0,1.0,0.0,1.0,-13.815511557963774,2.0,Treatment,1
https://x.com/CforCD/status/1998706066373361843,1.3333333333333333,1.0,0.0,1.0,-14.103193380415775,2.0,Control,0
https://x.com/ChrisHo03515950/status/2000871267134574983,1.0,1.0,0.0,1.0,-13.815511557963774,2.0,Control,0
https://x.com/ChristianPetak/status/2005953803283992618,1.0,1.0,0.0,1.0,-13.815511557963774,2.0,Treatment,1
https://x.com/ConciousLabRat/status/2000502257813520480,0.8571428571428571,1.0,0.0,1.1428571428571428,-13.661361044803002,3.0,Treatment,1
https://x.com/ContrarianOwl/status/2011768022403281368,1.0,1.0,0.0,1.0,-13.815511557963774,2.0,Treatment,1
https://x.com/DE44797/status/1996165852530672079,1.0,1.0,0.0,1.0,-13.815511557963774,2.0,Control,0
https://x.com/DPrabhata/status/2003384219322736838,0.0,4.0,0.0,4.0,,1.0,Treatment,1
https://x.com/DavidWall_/status/1996526192048951443,1.0,1.0,0.0,1.0,-13.815511557963774,2.0,Treatment,1
https://x.com/DavidWall_/status/1996527067358167497,0.3333333333333333,2.0,0.0,2.3333333333333335,-12.716901269291665,3.0,Treatment,1
https://x.com/DavidWall_/status/1996529693567197669,1.0,1.0,0.0,1.0,-13.815511557963774,2.0,Treatment,1
https://x.com/DavidWall_/status/2008534959124795635,1.0,1.0,0.0,2.3333333333333335,-13.815511557963774,2.0,Control,0
https://x.com/DebankNow/status/2008527877428703736,1.0,1.0,0.0,1.0,-13.815511557963774,2.0,Treatment,1
https://x.com/DietHeartNews/status/2000204309942706185,1.0,1.0,0.0,1.0,-13.815511557963774,2.0,Control,0
https://x.com/DietHeartNews/status/2002734443681972423,1.0,1.0,0.0,1.0,-13.815511557963774,2.0,Control,0
https://x.com/DietHeartNews/status/2002737400615969127,0.2222222222222222,2.0,0.0,2.8,-12.311437661177875,3.0,Treatment,1
https://x.com/Dowlphin/status/2003012781440958969,0.5,1.0,0.0,1.5,-13.122365377402328,3.0,Control,0
https://x.com/DrNeculai/status/2000771788855239152,1.0,1.0,0.0,1.0,-13.815511557963774,2.0,Treatment,1
https://x.com/DrewGood1971/status/1997575513423135004,1.0,1.0,0.0,3.0,-13.815511557963774,2.0,Treatment,1
https://x.com/EMHoustonSpeaks/status/2002729170422632528,1.0,1.0,0.0,1.0,-13.815511557963774,2.0,Treatment,1
https://x.com/EduardoP1308/status/2002733786912768467,1.0,1.0,0.0,1.0,-13.815511557963774,2.0,Treatment,1
https://x.com/EnglishLadYorks/status/2011795548114702611,1.0,1.0,0.0,1.0,-13.815511557963774,2.0,Treatment,1
https://x.com/Fedup026/status/2001645438110437703,1.0,1.0,0.0,1.0,-13.815511557963774,2.0,Control,0
https://x.com/FredMisdom/status/2000531975703281712,1.0,1.0,0.0,1.0,-13.815511557963774,2.0,Treatment,1
https://x.com/FredMisdom/status/2008854338270286100,0.0,3.0,0.0,3.0,,1.0,Control,0
https://x.com/GeneralFluffyz/status/1998344185519239425,1.0,1.0,0.0,1.0,-13.815511557963774,2.0,Treatment,1
https://x.com/GeromanAT/status/1995759948358185390,0.9660493827160493,1.0,0.0,1.6724137931034482,-13.780971267855332,2.0,Treatment,1
https://x.com/GeromanAT/status/1995810304979054676,0.9333333333333333,1.0,0.0,1.0666666666666667,-13.74651875790532,3.0,Control,0
https://x.com/GeromanAT/status/2005223178814263710,1.0,1.0,0.0,2.1538461538461537,-13.815511557963774,2.0,Control,0
https://x.com/GilesRocholl/status/2001632644027560041,0.6666666666666666,1.0,0.0,1.3333333333333333,-13.410046949854985,3.0,Treatment,1
https://x.com/Glenn_Diesen/status/2003365990902444457,0.9117117117117117,1.0,0.005405405405405406,1.2410714285714286,-5.127740494567089,3.0,Treatment,1
https://x.com/GudadzeLevan/status/2000876935568601532,0.5,1.0,0.0,2.5,-13.122365377402328,2.0,Treatment,1
https://x.com/HavryshkoMarta/status/2004166320871399706,0.9464285714285714,1.0,0.0,1.0701754385964912,-13.760451837384462,3.0,Control,0
https://x.com/Hawkeye1745/status/2005146024738779365,1.0,1.0,0.0,1.0,-13.815511557963774,2.0,Control,0
https://x.com/Healey2405/status/2000449596351533196,1.0,1.0,0.0,1.0,-13.815511557963774,2.0,Control,0
https://x.com/HotSpotHotSpot/status/2001282502065836200,1.0,1.0,0.0,1.0,-13.815511557963774,2.0,Control,0
https://x.com/HubertusVenator/status/2003072958408093945,0.0,2.0,0.0,2.0,,1.0,Treatment,1
https://x.com/IslanderWORLD/status/2004048668119138548,1.0,1.0,0.0,1.0,-13.815511557963774,2.0,Treatment,1
https://x.com/JHArnous/status/2004054584076251544,1.0,1.0,0.0,1.0,-13.815511557963774,2.0,Treatment,1
https://x.com/JJKALE2/status/1996533397624426811,1.0,1.0,0.2222222222222222,2.272727272727273,-1.504073896785899,2.0,Treatment,1
https://x.com/JS_Mill_Acolyte/status/1996121662312644942,1.0,1.0,0.0,1.0,-13.815511557963774,2.0,Control,0
https://x.com/JacobP32213953/status/2012768265060122910,1.0,1.0,0.0,1.0,-13.815511557963774,2.0,Treatment,1
https://x.com/JamesBradleyCA/status/2009245331754766807,0.7058823529411765,1.0,0.0,1.8888888888888888,-13.467205280361721,4.0,Treatment,1
https://x.com/JasnicSlobodan/status/2005988740884488507,1.0,1.0,0.0,1.0,-13.815511557963774,2.0,Control,0
https://x.com/JasnicSlobodan/status/2005989284940230919,1.0,1.0,0.0,1.0,-13.815511557963774,2.0,Control,0
https://x.com/JimmyfromToledo/status/2001622290061037954,0.0,8.0,1.0,8.0,,1.0,Treatment,1
https://x.com/JohnMMacgregor/status/1999069316545699846,1.0,1.0,0.0,1.0,-13.815511557963774,2.0,Control,0
https://x.com/KJanoski50502/status/1999111889117225259,0.0,4.0,0.0,4.0,,1.0,Control,0
https://x.com/LanceSt81774855/status/2008172936721805617,0.0,3.0,0.0,3.5,,1.0,Control,0
https://x.com/Lancealotin/status/2000850818938044508,1.0,1.0,0.0,1.0,-13.815511557963774,2.0,Control,0
https://x.com/LawrenceMLudlow/status/1996577307016712480,1.0,1.0,0.0,1.0,-13.815511557963774,2.0,Treatment,1
https://x.com/LenoraAntoinet/status/2006631549673026046,1.5,1.0,0.0,1.0,-14.220976332738884,2.0,Treatment,1
https://x.com/Lolapirch/status/1996562350003159439,1.0,1.0,0.0,1.0,-13.815511557963774,2.0,Treatment,1
https://x.com/LoneWolfV_/status/1997977810917269826,1.0,1.0,0.0,4.333333333333333,-13.815511557963774,2.0,Treatment,1
https://x.com/Lyndonx/status/2000157958160712115,1.0,1.0,0.0,1.0,-13.815511557963774,2.0,Control,0
https://x.com/MFretired/status/1996188630662922451,1.0,1.0,0.0,1.0,-13.815511557963774,2.0,Treatment,1
https://x.com/MarioNawfal/status/2005911742098923565,1.0,1.0,-0.07692307692307693,1.3571428571428572,,2.0,Control,0
https://x.com/MarioNawfal/status/2011705732044112140,1.0064102564102564,1.0,-0.019230769230769232,1.1481481481481481,,2.0,Treatment,1
https://x.com/MarkGBblog/status/1997620601905885564,1.0,1.0,0.0,1.0,-13.815511557963774,2.0,Treatment,1
https://x.com/Markus_Krall/status/1996124601168843180,0.9482758620689655,1.0,0.034482758620689655,1.3166666666666667,-3.314158059637916,3.0,Control,0
https://x.com/MckennaDen34381/status/2005952740371952047,1.0,1.0,0.0,1.0,-13.815511557963774,2.0,Control,0
https://x.com/Mylovanov/status/2011746916061888754,0.8571428571428571,1.0,0.14285714285714285,4.111111111111111,-1.791753635918541,2.0,Control,0
https://x.com/NAVSkandalen/status/1998994876126658768,1.0,1.0,0.0,1.0,-13.815511557963774,2.0,Control,0
https://x.com/NewRulesGeo/status/2003443525107745188,0.9019607843137255,1.0,0.0196078431372549,1.3653846153846154,-3.8285915064845883,3.0,Treatment,1
https://x.com/News_of_Donbass/status/2008166586310369650,0.5,1.0,0.0,1.5,-13.122365377402328,3.0,Treatment,1
https://x.com/OccupySchagen/status/2008095965874413785,1.0,1.0,0.0,1.0,-13.815511557963774,2.0,Treatment,1
https://x.com/Oddman27/status/1999110832920072416,1.0,1.0,0.0,1.0,-13.815511557963774,2.0,Treatment,1
https://x.com/PMSimferopol/status/1995765803983978502,0.25,2.0,0.0,3.6,-12.429220196836383,4.0,Treatment,1
https://x.com/PMSimferopol/status/2001558529770164334,1.0,1.0,0.0,1.0,-13.815511557963774,2.0,Treatment,1
https://x.com/Para_glider69/status/2000839248862195776,1.0,1.0,0.0,1.0,-13.815511557963774,2.0,Control,0
https://x.com/Peter_Suer/status/2000494585781580111,1.0,1.0,0.0,1.0,-13.815511557963774,2.0,Control,0
https://x.com/Peter_Suer/status/2009188144806310355,0.0,8.0,1.0,8.0,,1.0,Treatment,1
https://x.com/Peter_Suer/status/2010276771430883486,1.0,1.0,0.0,1.0,-13.815511557963774,2.0,Control,0
https://x.com/REALSUPERCEMENT/status/1997970395765346495,1.0,1.0,0.0,1.0,-13.815511557963774,2.0,Control,0
https://x.com/RT_India_news/status/2000903737875820669,1.0,1.0,0.0,2.1666666666666665,-13.815511557963774,2.0,Treatment,1
https://x.com/RT_India_news/status/2001284662652727362,0.45050215208034433,2.0,-0.00860832137733142,1.5801418439716313,,3.0,Control,0
https://x.com/RZONOP/status/2011682207421632824,1.0,1.0,0.0,1.0,-13.815511557963774,2.0,Control,0
https://x.com/RealKhairullin/status/2004162802806935946,1.0,1.0,0.0,1.0,-13.815511557963774,2.0,Control,0
https://x.com/RickSanchezTV/status/1996119374327955856,0.9615384615384616,1.0,0.038461538461538464,1.3571428571428572,-3.218850865205654,3.0,Treatment,1
https://x.com/RussiaIsntEnemy/status/2005175679474668012,0.9174397031539888,1.0,0.0027829313543599257,1.1920955882352942,-5.797723864155325,3.0,Treatment,1
https://x.com/SamarWatch/status/2005996420382478371,1.0,1.0,-0.1111111111111111,1.3636363636363635,,3.0,Control,0
https://x.com/ShreoshiB/status/1996202970544046562,1.0,1.0,1.0,5.0,0.0,2.0,Treatment,1
https://x.com/SimonDixonTwitt/status/2001291538609926417,1.0,1.0,0.0,1.0,-13.815511557963774,2.0,Control,0
https://x.com/SlavFreeSpirit/status/2009181718821970179,0.9704301075268817,1.0,-0.002688172043010753,1.03485254691689,,2.0,Treatment,1
https://x.com/SocialistMMA/status/2006582483626709007,0.9,1.0,0.0,1.1,-13.710151153416941,3.0,Treatment,1
https://x.com/Space_PHD/status/2000858634541260998,0.0,2.0,-1.0,2.0,,1.0,Treatment,1
https://x.com/SpaghettiKozak/status/1996126616456712522,1.0,1.0,0.0,1.0,-13.815511557963774,2.0,Control,0
https://x.com/SprintMediaNews/status/1995819883670499471,1.0,1.0,0.0,1.0,-13.815511557963774,2.0,Control,0
https://x.com/SquidwardFiles/status/1998028957023936885,0.8,1.0,0.0,1.2,-13.592368256649284,3.0,Treatment,1
https://x.com/SteveHylan55254/status/2003688246577094793,1.0,1.0,0.0,1.0,-13.815511557963774,2.0,Control,0
https://x.com/SusanDe71711074/status/1998979746701664716,1.0,1.0,0.0,1.0,-13.815511557963774,2.0,Control,0
https://x.com/THESWEDISHTRUTH/status/1995819526697406950,1.0,1.0,0.0,1.0,-13.815511557963774,2.0,Control,0
https://x.com/THESWEDISHTRUTH/status/1996506496960532874,1.0,1.0,0.0,1.0,-13.815511557963774,2.0,Treatment,1
https://x.com/TOzgokmen/status/1995824241124532257,1.0,1.0,0.0,1.0,-13.815511557963774,2.0,Treatment,1
https://x.com/TheFiveYouKnow/status/1999108037663977496,0.0,3.0,0.0,3.0,,1.0,Treatment,1
https://x.com/TheVirginiaGen1/status/1996167202748432602,0.0,2.0,0.0,2.0,,1.0,Treatment,1
https://x.com/TomBoyles10/status/2000048309625594040,0.0,3.0,0.0,3.0,,1.0,Control,0
https://x.com/TracyGalla1990/status/2001237482634141744,1.0,1.0,0.0,1.0,-13.815511557963774,2.0,Control,0
https://x.com/TracyGalla1990/status/2008507592923115628,1.0,1.0,0.0,1.0,-13.815511557963774,2.0,Control,0
https://x.com/VIVADENXCIXXX/status/2003103150996423071,0.0,2.0,0.0,5.5,,1.0,Control,0
https://x.com/WARRENTSHOW/status/2006237976360255782,1.0,1.0,0.0,1.0,-13.815511557963774,2.0,Control,0
https://x.com/WarHunter2222/status/2008486503509328056,1.0,1.0,0.0,1.0,-13.815511557963774,2.0,Treatment,1
https://x.com/WarHunter2222/status/2010290881820246515,1.0,1.0,0.0,1.0,-13.815511557963774,2.0,Treatment,1
https://x.com/Windancer2706/status/1995823343388312012,1.0,1.0,0.0,1.0,-13.815511557963774,2.0,Treatment,1
https://x.com/WoltzHowell/status/2002645290818679201,1.0,1.0,0.0,1.0,-13.815511557963774,2.0,Control,0
https://x.com/Zlatti_71/status/2004148560510566567,1.0,1.0,0.0,1.0,-13.815511557963774,2.0,Control,0
https://x.com/_GeoTakes_/status/2008896868013445468,1.0,1.0,0.0,1.0,-13.815511557963774,2.0,Control,0
https://x.com/ajrobertsshow/status/2001201512542777427,0.96,1.0,0.0,1.04,-13.774689605110144,2.0,Control,0
https://x.com/ameoate/status/1996578089124389056,1.0,1.0,0.0,1.0,-13.815511557963774,2.0,Control,0
https://x.com/atla_gold/status/2005873337235603485,1.0,1.0,0.0,1.0,-13.815511557963774,2.0,Control,0
https://x.com/brane_mija64426/status/2010688894128341027,1.0,1.0,0.0,1.0,-13.815511557963774,2.0,Control,0
https://x.com/chatswithem/status/2000528838372033014,0.8571428571428571,1.0,0.0,1.1428571428571428,-13.661361044803002,3.0,Control,0
https://x.com/chatswithem/status/2010297091814252968,1.0,1.0,0.0,1.0,-13.815511557963774,2.0,Control,0
https://x.com/checkingMada198/status/1997982229100663102,0.0,4.0,0.0,4.0,,1.0,Control,0
https://x.com/chipke7/status/2005906577782370590,0.0,7.0,1.0,7.0,,1.0,Control,0
https://x.com/clashreport/status/2001263100708999556,0.723404255319149,1.0,0.0,1.297872340425532,-13.491724863222363,3.0,Control,0
https://x.com/cornerstonetom3/status/1998342913269567764,1.0,1.0,0.0,1.0,-13.815511557963774,2.0,Control,0
https://x.com/distant_earth83/status/1997970016617037870,1.0,1.0,0.038461538461538464,1.2222222222222223,-3.2580715383589762,2.0,Treatment,1
https://x.com/ferozwala/status/2000870246794817681,1.0,1.0,0.0,1.0,-13.815511557963774,2.0,Control,0
https://x.com/gio_tbilisi/status/2001239603529880027,0.0,3.0,0.0,3.0,,1.0,Control,0
https://x.com/godsheros76762/status/2003733957414941124,0.0,5.0,0.0,5.0,,1.0,Control,0
https://x.com/got2be4real/status/1997957422460358739,0.5,1.0,0.0,2.5,-13.122365377402328,2.0,Control,0
https://x.com/hawkins_carole/status/2001197317064430059,1.0,1.0,0.0,1.0,-13.815511557963774,2.0,Treatment,1
https://x.com/holy_hero/status/2002999545374908446,0.6666666666666666,1.0,0.0,2.0,-13.410046949854985,2.0,Control,0
https://x.com/in_visi_ble_one/status/2000191283055509546,1.0,1.0,0.0,1.0,-13.815511557963774,2.0,Treatment,1
https://x.com/ivan_8848/status/2000155155228996090,0.9506172839506173,1.0,0.0,1.2738095238095237,-13.764867877093018,2.0,Treatment,1
https://x.com/ivan_8848/status/2012842649858777410,1.0,1.0,0.0,1.0,-13.815511557963774,2.0,Control,0
https://x.com/jccfergie/status/2003434936502747635,1.0,1.0,0.0,1.0,-13.815511557963774,2.0,Treatment,1
https://x.com/jokes_on_us_pal/status/2001643516754317652,1.0,1.0,0.0,1.0,-13.815511557963774,2.0,Control,0
https://x.com/just_HJB_here/status/2002671382606626990,0.0,4.0,0.0,4.0,,1.0,Control,0
https://x.com/kadmitriev/status/1998985982880960543,0.6917491749174918,1.0,0.005940594059405941,1.6631509558338826,-4.7572474139875425,3.0,Treatment,1
https://x.com/kevin_nivek7/status/1996149337001455886,1.0,1.0,0.0,1.0,-13.815511557963774,2.0,Control,0
https://x.com/kevin_nivek7/status/2001647220308037910,1.0,1.0,0.0,1.0,-13.815511557963774,2.0,Treatment,1
https://x.com/leser8989/status/2008484980964331758,0.0,9.0,1.0,9.0,,1.0,Treatment,1
https://x.com/madamglobal/status/2008834108043272348,1.0,1.0,0.0,1.0,-13.815511557963774,2.0,Treatment,1
https://x.com/martianwyrdlord/status/2009115417332056534,0.5714285714285714,1.0,0.0,1.4285714285714286,-13.25589652002732,3.0,Control,0
https://x.com/mazzenilsson/status/1998010298624565660,0.8333333333333334,1.0,0.0,1.5,-13.6331902011696,2.0,Control,0
https://x.com/michelwaarheid/status/2005962614585614837,1.0,1.0,0.0,1.0,-13.815511557963774,2.0,Treatment,1
https://x.com/mobbs_mentality/status/2012865059169431683,0.9159663865546218,1.0,0.0,1.1583333333333334,-13.727736038824412,3.0,Treatment,1
https://x.com/moscow__calling/status/1999111984155910534,1.0,1.0,0.0,1.0,-13.815511557963774,2.0,Control,0
https://x.com/moscow__calling/status/2000899806667907223,0.0,4.0,0.0,4.0,,1.0,Control,0
https://x.com/mrSatias/status/2002691172867911945,0.0,4.0,0.0,4.0,,1.0,Control,0
https://x.com/nxt888/status/1997924067979165790,0.8472222222222222,1.0,-0.013888888888888888,1.445945945945946,,3.0,Treatment,1
https://x.com/nxt888/status/2009173523458294219,0.9263157894736842,1.0,0.0035087719298245615,1.217993079584775,-5.575665223295974,3.0,Control,0
https://x.com/phat3lvis/status/2000410097281863958,1.0,1.0,0.0,1.0,-13.815511557963774,2.0,Control,0
https://x.com/realTobiasR/status/1998313632174604321,1.0,1.0,0.0,1.0,-13.815511557963774,2.0,Treatment,1
https://x.com/realomegahpla/status/2000547744038170632,1.0,1.0,0.0,1.0,-13.815511557963774,2.0,Treatment,1
https://x.com/ricwe123/status/2008085524569878923,0.9074074074074074,1.0,0.037037037037037035,1.548780487804878,-3.198647219955384,2.0,Treatment,1
https://x.com/rodgarza2001/status/2005243074205671934,1.0,1.0,0.0,1.0,-13.815511557963774,2.0,Control,0
https://x.com/rupert_jennings/status/1996215003838599559,0.0,2.0,0.0,2.0,,1.0,Treatment,1
https://x.com/sickstringer/status/2002628123909894656,1.0,1.0,0.0,5.0,-13.815511557963774,2.0,Control,0
https://x.com/tedkel/status/1995823064500637950,0.0,3.0,0.0,3.0,,1.0,Control,0
https://x.com/thewatc95717625/status/2000861384083398844,1.0,1.0,0.0,1.0,-13.815511557963774,2.0,Control,0
https://x.com/toku_michel/status/1996157166458225044,1.0,1.0,0.0,1.0,-13.815511557963774,2.0,Treatment,1
https://x.com/twittypolitty/status/2000837732747132938,1.0,1.0,0.0,1.0,-13.815511557963774,2.0,Control,0
https://x.com/vick55top/status/2003788841908314356,0.8,1.0,0.0,3.1666666666666665,-13.592368256649284,3.0,Treatment,1
https://x.com/vick55top/status/2004141469712445769,1.0,1.0,0.0,1.0,-13.815511557963774,2.0,Control,0
https://x.com/vladimirputiniu/status/2006238336583885093,0.965311004784689,1.0,-0.0011961722488038277,1.099644128113879,,2.0,Control,0
https://x.com/walsh_kirk91371/status/1999046589030232288,1.0,1.0,0.0,1.0,-13.815511557963774,2.0,Control,0
https://x.com/walsh_kirk91371/status/2005985804150268191,1.0,1.0,0.0,1.0,-13.815511557963774,2.0,Control,0
https://x.com/will_roche/status/2008896606968377608,1.0,1.0,0.0,1.0,-13.815511557963774,2.0,Control,0
https://x.com/zsylvainz/status/1997879010735407345,-0.5,4.0,0.0,3.3333333333333335,,1.0,Control,0
